idx,id,category,mention,ref,base,pred,base_has,nbest6_has,nbest10_has,context_rank,prompt_rank,kws_rank,kws_score,base_d,pred_d,nbest_top6
6,6,covo_failed_with_nbest6,拓朗,合并拓朗之后将推出新的产品,合并特朗之后将推出新的产品,合并特朗之后将推出新的产品,False,True,True,1,1,1,0.930995,1,1,合并特朗之后将推出新的产品 || 和并特朗之后将推出新的产品 || 合并特朗之后将推出新产品 || 合并拓朗之后将推出新的产品 || 和并拓朗之后将推出新的产品。 || 和病特朗之后将推出新的产品
16,16,covo_failed_with_nbest6,姊弟恋,对于姊弟恋也不排斥,對於死地戀也不排斥,对于死地恋也不排斥,False,True,True,1,1,1,0.990483,5,2,對於死地戀也不排斥 || 对于姊弟恋也不排斥 || 對於死地裂也不排斥 || 對於此地戀也不排斥 || 對於史蒂戀也不排斥 || 對於死的戀也不排斥
18,18,candidate_generation_missing,玮甯,阮经天和许玮甯交往八年屡传婚讯,阮经天和许玮宁交往八年旅船婚训,阮经天和许玮宁交往八年屡传婚讯,False,False,False,2,,2,0.605143,4,1,阮经天和许玮宁交往八年旅船婚训 || 阮晶天和徐伟宁交往八年旅船婚训 || 阮晶天和徐伟宁交往八年旅船婚讯 || 阮京天和徐伟宁交往八年旅船婚讯 || 阮晶天和徐伟宁交往8年旅船婚讯 || 阮京天和徐伟宁交往八年旅船婚训
18,18,candidate_generation_missing,许玮甯,阮经天和许玮甯交往八年屡传婚讯,阮经天和许玮宁交往八年旅船婚训,阮经天和许玮宁交往八年屡传婚讯,False,False,False,1,1,1,0.986253,4,1,阮经天和许玮宁交往八年旅船婚训 || 阮晶天和徐伟宁交往八年旅船婚训 || 阮晶天和徐伟宁交往八年旅船婚讯 || 阮京天和徐伟宁交往八年旅船婚讯 || 阮晶天和徐伟宁交往8年旅船婚讯 || 阮京天和徐伟宁交往八年旅船婚训
19,19,candidate_generation_missing,玮甯,但小天坚持玮甯依然是我的女人,但小天坚持韦宁依然是我的女人,但小天坚持韦宁依然是我的女人,False,False,False,1,1,1,0.757383,2,2,但小天坚持韦宁依然是我的女人 || 但小天坚持维宁依然是我的女人 || 但小天坚持伟宁依然是我的女人 || 但小天坚持为宁依然是我的女人 || 但小天坚持委宁依然是我的女人 || 大小天坚持韦宁依然是我的女人
24,24,kws_context_missing,朱圣祎,朱圣祎爆王思聪女朋友被诉法官送达起诉书遇阻,朱胜伟曝王思聪女友被诉法官宋达起诉书,朱胜伟曝王思聪女友被诉法官送达起诉书欲诉,False,False,False,,,,,7,6,朱胜伟曝王思聪女友被诉法官宋达起诉书 || 朱胜伟曝王思聪女友被诉法官宋达起诉书欲诉 || 朱胜伟报王思聪女友被诉法官宋达起诉书 || 朱胜伟曝王思聪女友被诉法官宋达起诉输 || 朱胜伟报王思聪女友被诉法官宋达起诉书欲诉 || 朱胜伟曝王思聪女友被诉法官宋达起诉输欲诉
36,36,covo_lost_base_hotword,宋芳,这是因为宋芳购买其房产,這是因為宋芳購買其房產,这是因为颂芳购买其房产,True,True,True,1,1,1,0.994424,5,1,這是因為宋芳購買其房產 || 這是因為宋芳購買其房廠 || 這是因為宋芳購買其房子 || 這是因為頌芳購買其房產 || 這是因為送芳購買其房產 || 這是因為孫芳購買其房產
37,37,covo_lost_base_hotword,今久,今久整合营销集团迎来了它的生日,今久整合营销集团迎来了他的生日,金九整合营销集团迎来了它的生日,True,True,True,2,2,2,0.961382,1,2,今久整合营销集团迎来了他的生日 || 今久整合营销集团迎来了她的生日 || 今久整合营销集团迎来了它的生日 || 今久整合营销集团迎来了祂的生日。 || 金九整合营销集团迎来了他的生日 || 金酒整合营销集团迎来了他的生日
37,37,covo_lost_base_hotword,今久整合营销集团,今久整合营销集团迎来了它的生日,今久整合营销集团迎来了他的生日,金九整合营销集团迎来了它的生日,True,True,True,1,1,1,1.000000,1,2,今久整合营销集团迎来了他的生日 || 今久整合营销集团迎来了她的生日 || 今久整合营销集团迎来了它的生日 || 今久整合营销集团迎来了祂的生日。 || 金九整合营销集团迎来了他的生日 || 金酒整合营销集团迎来了他的生日
55,55,candidate_generation_missing,玮甯,刚与阮经天传出情变不久的许玮甯近日接拍恐怖片,刚于阮青天传出《情变不久》的许玮宁近日接拍恐怖片。,刚于阮青天传出情变不久的许玮宁近日接拍恐怖片,False,False,False,2,,2,0.778587,3,3,刚于阮青天传出《情变不久》的许玮宁近日接拍恐怖片。 || 刚于阮青天传出《情变不久》的许玮宁近日街拍恐怖片。 || 刚于阮青天传出情变不久的徐伟宁近日街拍恐怖片 || 刚于阮青天传出《情变不久》的徐伟宁近日接拍恐怖片。 || 刚于阮青天传出秦遍不久的徐伟宁近日接拍恐怖片 || 刚于阮青天传出《情变不久》的许伟宁近日接拍恐怖片。
55,55,candidate_generation_missing,许玮甯,刚与阮经天传出情变不久的许玮甯近日接拍恐怖片,刚于阮青天传出《情变不久》的许玮宁近日接拍恐怖片。,刚于阮青天传出情变不久的许玮宁近日接拍恐怖片,False,False,False,1,1,1,0.994147,3,3,刚于阮青天传出《情变不久》的许玮宁近日接拍恐怖片。 || 刚于阮青天传出《情变不久》的许玮宁近日街拍恐怖片。 || 刚于阮青天传出情变不久的徐伟宁近日街拍恐怖片 || 刚于阮青天传出《情变不久》的徐伟宁近日接拍恐怖片。 || 刚于阮青天传出秦遍不久的徐伟宁近日接拍恐怖片 || 刚于阮青天传出《情变不久》的许伟宁近日接拍恐怖片。
66,66,covo_lost_base_hotword,杨锋,视频截图新京报快讯记者杨锋昨日,视频截图新京报快讯记者杨锋昨日,视频截图新京报快讯记者杨峰昨日,True,True,True,2,2,2,0.970386,0,1,视频截图新京报快讯记者杨锋昨日 || 视频截图新京报快讯记者杨锋左日 || 视频截图新京报快讯记者杨峰昨日 || 视频截图星京报快讯记者杨锋昨日 || 视频截图新京报快讯记者杨芬昨日 || 视频截图新金报快讯记者杨芬昨日
70,70,covo_lost_base_hotword,杨锋,新京报快讯记者杨锋凌晨今日下午,新京报快讯记者杨锋凌晨今日下午,新京报快讯记者杨峰凌晨今日下午,True,True,True,2,2,2,0.937396,0,1,新京报快讯记者杨锋凌晨今日下午 || 新京报快讯记者杨锋临晨今日下午 || 新京报快讯记者杨锋 凌晨金日下午 || 新京爆快讯记者杨芬凌晨今日下午 || 新京爆快讯记者杨芬林晨今日下午 || 新京报快讯记者杨芬林晨今日下午
76,76,covo_lost_base_hotword,今久,今久整合营销集团就是如此,今久整合营销集团就是如此,金九整合营销集团就是如此,True,True,True,2,2,2,0.996128,0,2,今久整合营销集团就是如此 || 今久整合营销集团 || 今久整合营销集团是如此 || 金九整合营销集团就是如此 || 金酒整合营销集团就是如此 || 金九掌和营销集团就是如此
76,76,covo_lost_base_hotword,今久整合营销集团,今久整合营销集团就是如此,今久整合营销集团就是如此,金九整合营销集团就是如此,True,True,True,1,1,1,1.000000,0,2,今久整合营销集团就是如此 || 今久整合营销集团 || 今久整合营销集团是如此 || 金九整合营销集团就是如此 || 金酒整合营销集团就是如此 || 金九掌和营销集团就是如此
77,77,covo_lost_base_hotword,今久,今久必须担当起引领时代潮流的重任,今久必须担当起引领时代潮流的重任,今九必须担当起引领时代潮流的重任,True,True,True,1,1,1,0.997317,0,1,今久必须担当起引领时代潮流的重任 || 今久必須擔擔起引領時代潮流的重任 || 今久必須擔任起引領時代潮流的重任 || 今久必須擔起引領時代潮流的重任 || 今久必須擔當其引領時代潮流的重任 || 今久必需擔當起引領時代潮流的重任
78,78,covo_lost_base_hotword,今久,蓝色光标以几亿人民币收购今久,藍色光標以幾億人民幣收購今久,蓝色光标以几亿人民币收购金九,True,True,True,1,1,1,0.993247,6,2,藍色光標以幾億人民幣收購今久 || 藍色光標以幾億人民幣收購金酒 || 蓝色光标已几亿人民币收购金九 || 藍色光標以幾億人民幣收購金九 || 藍色光標以幾億聯名幣收購金酒 || 藍色光標以幾億人民幣收購金韭
79,79,covo_lost_base_hotword,今久,这成为今久转型的起点,这成为今久转型的起点,这成为金九转型的起点,True,True,True,1,1,1,0.970688,0,2,这成为今久转型的起点 || 这成为今久转形的起点 || 这成为金九转型的起点 || 这成为金酒转型的起点 || 这成为金九转形的起点 || 这常为金九转型的起点
81,81,covo_lost_base_hotword,今久,今久正是在蓝色光标的技术支持下,今久正是在蓝色光标的技术支持下,金九正是在蓝色光标的技术支持下,True,True,True,1,1,1,0.999044,0,2,今久正是在蓝色光标的技术支持下 || 今久正是在藍色光彪的技術支持下 || 今久正是在藍色光錶的技術支持下 || 金九正是在蓝色光标的技术支持下 || 金酒正是在蓝色光标的技术支持下 || 金9正是在蓝色光标的技术支持下
86,86,covo_lost_base_hotword,今久,今久又一次利用资本市场,今久又一次利用私本市场,金九又一次利用资本市场,True,True,True,1,1,1,0.999240,1,2,今久又一次利用私本市场 || 今久又一次利用资本市场 || 金九又一次利用私本市场 || 金酒又一次利用私本市场 || 金九又一次利用资本市场 || 金久又一次利用私本市场
88,88,covo_lost_base_hotword,今久,后今久时代正式到来,后今久时代正式到来,后金九时代正式到来,True,True,True,1,1,1,0.994660,0,2,后今久时代正式到来 || 厚今久时代正式到来 || 后今久时代正史到来 || 后金九时代正式到来 || 后今九时代正式到来 || 后金九时代正史到来
110,110,candidate_generation_missing,韩籍,许茹芸与韩籍男朋友举行了婚礼,许茹芸与韩姬男朋友举行了婚礼。,许茹芸与韩基男朋友举行了婚礼,False,False,False,7,,7,0.759294,1,1,许茹芸与韩姬男朋友举行了婚礼。 || 许茹芸与韩基男朋友举行了婚礼。 || 许绍洋 与韩姬男朋友举行了婚礼。 || 许如云与韩姬男朋友举行了婚礼。 || 许如云与韩基男朋友举行了婚礼。 || 许卢云与韩姬男朋友举行了婚礼。
122,122,covo_lost_base_hotword,黄琦雯,李玉刚张学友黄琦雯入选一零大最涨姿势歌曲,李玉刚、张学友、黄琦雯、陆选、伊玲、大、岁长、私史歌曲,李玉刚张学友黄绮雯入选十大岁长私史歌曲,True,True,True,1,1,1,0.993943,7,7,李玉刚、张学友、黄琦雯、陆选、伊玲、大、岁长、私史歌曲 || 李玉刚、张学友、黄琦雯录选伊玲《大岁长思史歌曲》 || 李玉刚 张学友 黄琦雯 陆选10大岁长私史歌曲 || 李玉刚、张学友、黄琦雯录选伊玲《大岁长私事歌曲》 || 李玉刚 张学友 黄琦雯 陆选10大岁长私事歌曲 || 李玉刚、张学友、黄琦雯入选伊玲《大岁长思史歌曲》
126,126,covo_lost_base_hotword,今久,今久从最初的几十个人,今久从最初的几十个人,金九从最初的几十个人,True,True,True,1,1,1,0.999586,0,2,今久从最初的几十个人 || 今久从最出的几十个人 || 今久重最初的几十个人。 || 今久从最初的几十个人⋯⋯ || 今久 今久从最初的几十个人 || 金九从最初的几十个人
127,127,covo_lost_base_hotword,今久,今久商品房销售额首次上涨,今久商品房销售额首次上涨,金九商品房销售额首次上涨,True,True,True,1,1,1,0.993214,0,2,今久商品房销售额首次上涨 || 今久商品坊销售额首次上涨 || 今久商品房销售项目首次上涨 || 今久商品房消售額首次上涨 || 金酒商品房销售额首次上涨 || 金九商品房销售额首次上涨
133,133,covo_lost_base_hotword,成飞,上述成飞集成人士表示,上述成飞机成人是表示,上述乘飞机乘人士表示,True,True,True,1,1,1,0.983821,2,3,上述成飞机成人是表示 || 上述成飞机成人式表示 || 上述乘飞机乘人是表示 || 上述乘飞机乘人士表示 || 上述乘飞机乘人式表示 || 上述乘飞机乘人示表示
158,158,covo_lost_base_hotword,权义,权义澎湃资料李银河在现实中是柔软的,权义 澎湃 资料 李银河 在现实中是柔软的,权益澎湃资料零和在现实中是柔软的,True,True,True,1,1,1,0.999417,0,4,权义 澎湃 资料 李银河 在现实中是柔软的 || 权义 彭派 资料 李银河 在现实中是柔软的 || 权义 彭佩 资料 李银河 在现实中是柔软的 || 权义 蓬派 资料 李银河 在现实中是柔软的 || 全义 澎湃 资料 李银河 在现实中是柔软的 || 权益澎湃资料零和在现实中是柔软的
158,158,covo_lost_base_hotword,李银河,权义澎湃资料李银河在现实中是柔软的,权义 澎湃 资料 李银河 在现实中是柔软的,权益澎湃资料零和在现实中是柔软的,True,True,True,2,2,2,0.998819,0,4,权义 澎湃 资料 李银河 在现实中是柔软的 || 权义 彭派 资料 李银河 在现实中是柔软的 || 权义 彭佩 资料 李银河 在现实中是柔软的 || 权义 蓬派 资料 李银河 在现实中是柔软的 || 全义 澎湃 资料 李银河 在现实中是柔软的 || 权益澎湃资料零和在现实中是柔软的
166,166,candidate_generation_missing,丰台区域潘家村,丰台区域潘家村危改三号地成为今年的收官地质块,豐台区域潘家村微改3号地成为今年的收官地址块,丰台区域潘家园微改三号地成为今年的收官地之一,False,False,False,1,1,1,0.999999,4,4,豐台区域潘家村微改3号地成为今年的收官地址块 || 豐台区域潘家村微改三号地成为今年的收官地之一 || 豐台区域潘家村微改3号地成为今年的收官地址块儿 || 豐台区域潘家村微改3号地成为今年的收官地区 || 豐台区域潘家村微改三号地成为今年的收官地之一块 || 豐台区域潘家村微改三号地成为今年的收官地之块
184,184,covo_lost_base_hotword,德郭队,近日德郭队公布了参加此次世锦赛的六六人大名单,近日德郭队公布了参加此次世锦赛的66人大名单,近日德国队公布了参加此次世锦赛的六十六人大名单,True,True,True,1,1,1,0.995810,2,2,近日德郭队公布了参加此次世锦赛的66人大名单 || 近日德郭队公布了参加此次市警赛的66人大名单 || 近日德郭队公布了参加此次市井赛的66人大名单 || 近日德郭队公布了参加此次世锦赛66人大名单 || 近日德郭队公布了参加此次市竞赛的66人大名单 || 近日德国队公布了参加此次世锦赛的66人大名单
187,187,covo_lost_base_hotword,哈特灵,哈特灵今年饱受十字韧带伤势困扰,哈特灵今年饱受十字忍带伤势困扰,哈特林今年饱受十字韧带伤势困扰,True,True,True,1,1,1,0.999962,1,1,哈特灵今年饱受十字忍带伤势困扰 || 哈特灵今年饱受十字忍待伤势困扰 || 哈特灵今年饱受十字忍耐伤势困扰 || 哈特灵今年饱受十字忍受伤势困扰 || 哈特灵今年饱受十字忍败伤势困扰 || 哈特灵今年饱受食肆忍带伤势困扰
194,194,candidate_generation_missing,马特里亚斯,一百一十米栏马特里亚斯布赫雷尔,110米 兰玛特里斯 布赫雷尔,一百米 兰马特里斯布赫雷尔,False,False,False,1,1,1,0.996473,7,4,110米 兰玛特里斯 布赫雷尔 || 110米 莱玛特里斯 布赫雷尔 || 110米 兰马特里斯 布赫雷尔 || 110米 莱马特里斯 布赫雷尔 || 110米 蓝马特里斯 布赫雷尔 || 110米 蓝玛特里斯 布赫雷尔
202,202,candidate_generation_missing,欧帕拉迪尼,雅莱克斯欧帕拉迪尼门格,雅来克斯欧 帕拉蒂尼门格,雅莱克斯欧帕拉蒂尼门格,False,False,False,6,,6,0.725172,2,1,雅来克斯欧 帕拉蒂尼门格 || 亚莱克斯欧 帕拉蒂尼门格 || 亚莱克斯欧帕拉帝尼门格 || 雅来克斯欧 帕拉蒂尼蒙格 || 雅莱克斯欧 帕拉蒂尼门格 || 雅莱克斯欧帕拉帝尼门格
230,230,covo_lost_base_hotword,欣塔斯卡鲁塞,三千米障碍吉萨费里欣塔斯卡鲁塞,三千米障碍吉萨费里欣塔斯卡鲁塞,三千米障碍吉萨费里辛塔斯卡鲁塞,True,True,True,1,1,1,0.996723,0,1,三千米障碍吉萨费里欣塔斯卡鲁塞 || 三千米障碍吉萨费里辛塔斯卡鲁塞 || 三千米障碍吉萨费里新塔斯卡鲁塞 || 三千米障碍吉萨菲里辛塔斯卡鲁塞 || 三千米障碍吉萨菲利辛塔斯卡鲁塞 || 三千米障碍基萨费里辛塔斯卡鲁塞
256,256,candidate_generation_missing,韦集村,灵璧县韦集镇韦集村原村支书石某,灵碧县 韦集镇 卫集村 圆村之书 石某,灵璧县韦集镇魏集村原村支书石某,False,False,False,2,2,2,0.890135,4,1,灵碧县 韦集镇 卫集村 圆村之书 石某 || 灵碧县 韦集镇 卫集村 园村之书石某 || 灵碧县 韦集镇 卫集村 原村之书石某 || 灵碧县 韦集镇 纬集村 原村之书石某 || 灵碧县 韦集镇 卫集村 原村之书十某 || 凌碧县 韦集镇 卫集村 园村之书 石某
258,258,candidate_generation_missing,济南,也在厦门拿下几宗商住用地和济南几宗居住用地,也在厦门拿下几宗商住地,也在厦门拿下几宗商住地和几南几宗居住用地,False,False,False,2,,2,0.225951,10,2,也在厦门拿下几座商住地和几南几宗居住用地。 || 也在厦门拿下几尊商住地和几南几宗居住用地。 || 也在厦门拿下几尊商住地和几难几宗居住用地。 || 也在厦门拿下几宗商住地和几南几棕居住用地。 || 也在厦门拿下几宗商住地和几南几中居住用地。 || 也在厦门拿下几宗商住地和几南几族居住用地。
261,261,candidate_generation_missing,吴雯,有着较为丰富志愿服务经历的九零后吴雯的话,有着较为丰富志愿服务经历的90后吴文德画,有着较为丰富志愿服务经历的九零后吴文德画,False,False,False,3,,3,0.084171,5,3,有着较为丰富志愿服务经历的90后吴文德画 || 有着较为丰富志愿服务经历的90后吴文德化 || 有着较为丰富志愿服务经历的90后吴文德华 || 有着较为丰富志愿服务精力的90后吴文德华 || 有着较为丰富志愿服务经历的90后无闻的话 || 有着较为丰富志愿服务精力的90后吴文德画
264,264,covo_failed_with_nbest6,佟健,佟健已经完成了第一个学模块的学习,东建已经完成了第一个磨块的学习,东建已经完成了第一个模块的学习,False,True,True,1,1,1,0.988435,4,3,东建已经完成了第一个磨块的学习 || 佟健已经完成了第一个磨块的学习。 || 佟健已经完成了第一个学模块的学习 || 东建已经完成了第一个学模块的学习 || 东建已经完成了第一个模块的学习 || 东建已经完成了第一个磨坏的学习
265,265,candidate_generation_missing,佟健,早到了退役年龄的庞清和佟健克服了伤病困难,早到了退役年龄的庞清和董建克服了伤病困难,早到了退役年龄的庞清和董健克服了伤病困难,False,False,False,3,,3,0.540091,2,1,早到了退役年龄的庞清和董建克服了伤病困难 || 早到了退役年龄的庞清和董健克服了伤病困难 || 早到了退役年龄的庞清和董剑克服了伤病困难 || 早到了退役年龄的庞清和董渐克服了伤病困难 || 找到了退役年龄的庞清和董建克服了伤病困难 || 找到了退役年龄的庞清和董健克服了伤病困难
268,268,kws_context_missing,佟健,庞清和佟健仍肩负着扛起中国双人滑大旗的重任,庞清董建仍肩负着扛起中国双人华大旗的重任,庞清董健仍肩负着扛起中国双人滑大旗的重任,False,False,False,,,,,4,2,庞清董建仍肩负着扛起中国双人华大旗的重任 || 庞清董建仍肩负着扛起中国双人划大旗的重任 || 庞清董健仍肩负着扛起中国双人华大旗的重任 || 庞清董建仍肩负着扛起中国双人滑大旗的重任 || 庞清懂剑仍肩负着扛起中国双人华大旗的重任 || 庞清懂剑仍肩负着扛起中国双人划大旗的重任
269,269,candidate_generation_missing,佟健,庞清和佟健终于可以放心地考虑退役的事情了,庞清和董建终于可以放心地考虑退役的事情了。,庞清和董健终于可以放心地考虑退役的事情了,False,False,False,4,,4,0.584090,2,1,庞清和董建终于可以放心地考虑退役的事情了。 || 庞清和董健终于可以放心地考虑退役的事情了。 || 庞清和董建终于可以放心的考虑退役的事情了。 || 庞清和董健终于可以放心的考虑退役的事情了。 || 旁青和董建终于可以放心地考虑退役的事情了。 || 旁青和董健终于可以放心地考虑退役的事情了。
273,273,candidate_generation_missing,佟健,佟健给自己定下了要做就做到最好,董健给自己定下了要做就做到最好,董健给自己定下了要做就做到最好,False,False,False,1,1,1,0.981855,1,1,董健给自己定下了要做就做到最好 || 董建给自己定下了要做就做到最好 || 懂见给自己定下了要做就做到最好 || 董健给自己订下了要做就做到最好 || 冬剑给自己定下了要做就做到最好 || 懂健给自己定下了要做就做到最好
274,274,candidate_generation_missing,佟健,佟健的解决办法就只能努力提高自己,懂见的解决办法就只能努力提高自己,董健的解决办法就只能努力提高自己,False,False,False,1,1,1,0.791659,2,1,懂见的解决办法就只能努力提高自己 || 懂剑的解决办法就只能努力提高自己 || 懂健的解决办法就只能努力提高自己 || 董健的解决办法就只能努力提高自己 || 懂贱的解决办法就只能努力提高自己 || 懂渐的解决办法就只能努力提高自己
278,278,candidate_generation_missing,佟健,佟健是同班同学里唯一运动员出身的,董健是同班同学里唯一运动员出身的,董健是同班同学里唯一运动员出身的,False,False,False,1,1,1,0.894951,1,1,董健是同班同学里唯一运动员出身的 || 董健是同班同学里唯一运动员出身 || 董建是同班同学里唯一运动员出身的 || 董健是同班同学里唯一运动员出生的 || 董建是同班同学里唯一运动员出生的 || 懂健是同班同学里唯一运动员出身的
280,280,covo_failed_with_nbest6,佟健,佟健希望自己能真的学到管理知识,董健希望自己能真的学到管理知识,董健希望自己能真的学到管理知识,False,True,True,1,1,1,0.854078,1,1,董健希望自己能真的学到管理知识 || 董健希望自己能真的学到管理知识：佟健 || 董建希望自己能真的学到管理知识 || 懂见希望自己能真的学到管理知识 || 董健希望自己能真得学到管理知识 || 董健希望自己能真地学到管理知识
282,282,covo_lost_base_hotword,赛文耷子,搜狐娱乐赛文耷子备受关注重拍版乌鸦,搜狐娱乐赛文耷子备受关注重拍版乌鸦,搜狐娱乐讯文耷子备受关注重拍版乌鸦,True,True,True,1,1,1,0.980162,0,1,搜狐娱乐赛文耷子备受关注重拍版乌鸦 || 搜狐娱乐赛文耷子备受关注重拍板乌鸦 || 搜湖娱乐赛文耷子备受关注重拍版乌鸦 || 搜狐娱乐赛文耷子倍受关注重拍版乌鸦 || 搜狐娱乐赛文耷子背受关注重拍版乌鸦 || 搜狐娱乐赛文耷子备受关注重拍本乌鸦
290,290,candidate_generation_missing,邓泽惠,华商报讯记者张林实习生邓泽惠一夜之间,华商报讯 记者张林实习生 邓泽会一夜之间,华商报讯记者张林实习生邓泽会一夜之间,False,False,False,6,,6,0.883318,1,1,华商报讯 记者张林实习生 邓泽会一夜之间 || 华商报讯 记者张林实习生邓则 邓泽会一夜之间 || 华商报讯 记者张玲实习生邓泽会一夜之间 || 华商报讯 记者张玲实习生邓则会一夜之间 || 华商报讯 记者张琳实习生 邓泽会一夜之间 || 华商报讯 记者张麟实习生 邓泽会一夜之间
342,342,kws_context_missing,马来,十四日开宝马来上班重庆晨报记者罗伟雷罗伟雷键摄,14日开宝宝来上班 重庆晨报 记者 罗伟雷罗偉雷建设,十四日开宝宝来上班重庆晨报记者罗伟雷罗伟雷建设,False,False,False,,,,,6,3,14日开宝宝来上班 重庆晨报 记者 罗伟雷罗偉雷建设 || 十四日 开宝宝来上班 重庆晨报 记者 罗伟雷罗 伟 雷 建 社 || 14日开宝宝来上班 重庆晨报 记者 罗伟雷 || 14日开宝宝来上班 重庆晨报 记者 罗伟雷罗维雷建设 || 14日开宝宝来上班 重庆晨报 记者 罗伟雷罗维雷建社 || 十四日 开宝宝来上班 重庆晨报 记者 罗伟雷罗为雷建设
343,343,covo_lost_base_hotword,王亦菲,制图黄欣晨报记者佟继萍王亦菲实习生张诗欢,智图 黄欣 陈报记者 佟继萍 王亦菲 世袭生 张诗欢,制图黄欣晨报记者佟继萍实习生张诗欢,True,True,True,3,3,3,0.959889,4,3,智图 黄欣 陈报记者 佟继萍 王亦菲 世袭生 张诗欢 || 智图 黄欣 陈报记者 佟继萍 王亦菲 施习生 张诗欢 || 智图 黄欣 陈豹记者 佟继萍 王亦菲 世袭生 张诗欢 || 智图 黄欣 陈豹记者 佟继萍 王亦菲 施习生 张诗欢 || 智图 黄欣 陈报记者 佟继萍 王亦菲 实习生 张诗欢 || 智图 黄欣 陈报记者 佟继萍 王亦菲 施希生 张诗欢
372,372,covo_lost_base_hotword,大分港,目前正在根据海事部门的要求开往盐城大分港,目前正在根据海事部门的要求开网严惩大分港,目前正在根据海事部门的要求开往盐城大丰港,True,True,True,1,1,1,0.967803,3,1,目前正在根据海事部门的要求开网严惩大分港 || 目前正在根据海事部门的要求开网延程大分港 || 目前正在根据海事部门的要求开往延程大分港 || 目前正在根据海事部门的要求开往盐城大分港 || 目前正在根据海事部门的要求开往沿城大分港 || 目前正在根据海事部门的要求开往严惩大分港
411,411,covo_failed_with_nbest6,弗菜戈,意大利选手弗菜戈也说我们在来里约之前,意大利選手福塞戈也說我們在來里約之前,意大利选手福塞戈也说我们在来里约之前,False,True,True,1,1,1,0.999857,7,2,"意大利選手福塞戈也說我們在來里約之前 || 意大利选手弗菜戈也说,我们在来里约之前, || 意大利選手弗塞戈也說我們在來里約之前 || 意大利選手福塞戈也說我們在萊里約之前 || 意大利選手弗塞戈也說我們在萊里約之前 || 義大利選手福塞戈也說我們在來里約之前"
417,417,candidate_generation_missing,郑嘉颖,亮点正是与陈凯琳互相了解中郑嘉颖也有出席,亮点正是与陈凯琳互相了解中郑嘉宜也有出息,亮点正是与陈凯琳互相了解中郑嘉仪也有出息,False,False,False,8,,8,0.794869,2,2,亮点正是与陈凯琳互相了解中郑嘉宜也有出息 || 亮点正是与陈凯琳互相了解中郑佳怡也有出息 || 亮点正是与陈凯琳互相了解中郑嘉怡也有出息 || 亮点正是与陈凯琳互相了解中郑佳仪也有出息 || 亮点正是与陈恺林互相了解中郑嘉宜也有出息 || 亮点正是与陈恺霖互相了解中郑嘉宜也有出息
430,430,candidate_generation_missing,嵩山,关于中国嵩山少林寺方丈齐永信的举报风波尚未停歇,關於中國東山少林寺方丈齊永信的舉報風波尚未停歇,关于中国东山少林寺方丈齐永信的举报风波尚未停歇,False,False,False,1,1,1,0.450631,8,1,關於中國東山少林寺方丈齊永信的舉報風波尚未停歇 || 關於中國東山少林寺方丈其勇信的舉報風波尚未停歇 || 關於中國東山少林寺方丈齊永信舉報風波尚未停歇 || 關於中國東山少林寺方丈其永信的舉報風波尚未停歇 || 關於中國東山少林寺方丈齊詠信的舉報風波尚未停歇 || 關於中國東山少林寺方丈齊勇信的舉報風波尚未停歇
452,452,covo_lost_base_hotword,瓯文,本报讯记者范跃红通讯员瓯文为了卖相好,本报讯记者范跃红通讯员瓯文为了卖相好,本报讯记者范跃红通讯员欧文为了卖相好,True,True,True,2,2,2,0.980208,0,1,本报讯记者范跃红通讯员瓯文为了卖相好 || 本报宣记者范跃红通讯员欧文为了卖相好 || 本报信记者范跃红通讯员欧文为了卖相好 || 本报讯记者范玉红通讯员欧文为了卖相好 || 本报讯记者范月红通讯员欧文为了卖相好 || 本报宣记者范玉红通讯员欧文为了卖相好
453,453,covo_lost_base_hotword,虞一杰,浙江温州乐清七五岁的企业家虞一杰退休之后,浙江温州热情75岁的企业家虞一杰退休之后,浙江温州乐清七十五岁的企业家馀一杰退休之后,True,True,True,1,1,1,0.994578,4,2,浙江温州热情75岁的企业家虞一杰退休之后 || 浙江温州热情期五岁的企业家于一杰退休之后 || 浙江温州乐青75岁的企业家于一杰退休之后 || 浙江温州热情75岁的企业家余一杰退休之后 || 浙江温州热情95岁的企业家于一杰退休之后 || 浙江温州乐清75岁的企业家于一杰退休之后
457,457,covo_lost_base_hotword,张淑侠,继陕西富平妇产科医生张淑侠因贩卖婴儿被判刑之后,继陕西府贫富产科医生张淑侠一贩卖婴儿被判刑之后,继陕西富平复产科医生张淑霞因贩卖婴儿被判刑之后,True,True,True,1,1,1,0.901399,4,2,继陕西府贫富产科医生张淑侠一贩卖婴儿被判刑之后 || 继陕西赴贫富产科医生张淑侠一贩卖婴儿被判刑之后 || 继陕西赋贫富产科医生张淑侠一贩卖婴儿被判刑之后 || 继陕西腹贫富产科医生张淑侠一贩卖婴儿被判刑之后 || 继陕西赴平复产科医生张淑侠一贩卖婴儿被判刑之后 || 继陕西富贫富产科医生张淑侠一贩卖婴儿被判刑之后
486,486,candidate_generation_missing,许胚,广州日报社记者许胚日前,广东日报社记者徐培日前,广州日报记者徐培日前,False,False,False,5,,5,0.434620,3,3,广东日报社记者徐培日前 || 广州日报社记者徐培日前 || 广州日报社记者徐佩日前 || 广州日报社记者徐沛日前 || 广州日报社记者徐霈日前 || 广州日报社记者徐配日前
494,494,covo_lost_base_hotword,莒溪大峡谷,温州一四岁少年小温迷失莒溪大峡谷,溫州一四歲少年小溫迷失莒溪大峡谷,温州一十四岁少年小温迷失缙溪大峡谷,True,True,True,1,1,1,0.995004,3,2,溫州一四歲少年小溫迷失莒溪大峡谷 || 温州一四岁少年小温迷失旅西大峡谷 || 温州一四岁少年小温迷失旅席大峡谷 || 温州一四岁少年小温迷失缕溪大峡谷 || 汶州一四岁少年小温迷失绿溪大峡谷 || 溫州一四歲少年小溫迷失綠溪大峡谷
516,516,covo_lost_base_hotword,哈立,哈立以争议性的点数优势宣告获胜,哈立以争议性的点数优势宣告获胜,哈利以争议性的点数优势宣告获胜,True,True,True,1,1,1,0.988326,0,1,哈立以争议性的点数优势宣告获胜 || 哈立以争议性点数优势宣告获胜 || 哈利以争议性的点数优势宣告获胜 || 哈利以争议性点数优势宣告获胜 || 哈里以争议性的点数优势宣告获胜 || 哈力以争议性的点数优势宣告获胜
521,521,covo_lost_base_hotword,雅桑克莱,经验丰富的雅桑克莱开始刻意放缓节奏,经验丰富的雅桑克莱开始刻意放缓节奏,经验丰富的亚桑克莱开始刻意放缓节奏,True,True,True,1,1,1,0.998906,0,1,经验丰富的雅桑克莱开始刻意放缓节奏 || 惊艳丰富的雅桑克莱开始刻意放缓节奏 || 经验丰富的亚桑克莱开始刻意放缓节奏 || 经验丰富的亚尔桑克莱开始刻意放缓节奏 || 经验丰富的亚藏克莱开始刻意放缓节奏 || 经验丰富的亚斯桑克莱开始刻意放缓节奏
530,530,covo_lost_base_hotword,麻丽贤,麻丽贤等一七位志愿者将远赴非洲支教,麻丽贤等17位志愿者将远赴非洲支教,麻立贤等十七位志愿者将远赴非洲支教,True,True,True,1,1,1,0.998070,2,2,麻丽贤等17位志愿者将远赴非洲支教 || 麻丽贤等17位志愿者将远赴非洲执教 || 麻丽贤等17位志愿者将远赴非洲之教 || 麻丽贤等17位志愿者将远赴非洲治疗 || 麻丽贤等一期位志愿者将远赴非洲执教 || 麻丽贤等一期位志愿者将远赴非洲支教
546,546,covo_lost_base_hotword,邬迪,乌云网合伙人邬迪接受第一财经日报记者采访时称,乌云网合伙人邬迪接受第一财经日报记者采访时称,乌云网合伙人吴迪接受第一财经日报记者采访时称,True,True,True,1,1,1,0.979704,0,1,乌云网合伙人邬迪接受第一财经日报记者采访时称 || 乌云网合伙人无敌接受第一财经日报记者采访时称 || 乌云网合伙人吴迪接受第1财经日报记者采访时称 || 乌云网合伙人乌迪接受第一财经日报记者采访时称 || 乌云网合伙人伍迪接受第一财经日报记者采访时称 || 污云网合伙人吴迪接受第一财经日报记者采访时称
557,557,candidate_generation_missing,黄煜坤,黄煜坤被警方送到附近医院接受检查,黄立坤被警方送到附近医院接受检查,黄立昆被警方送到附近医院接受检查,False,False,False,1,1,1,0.999436,1,2,黄立坤被警方送到附近医院接受检查 || 黄立坤被警方送到附近的医院接受检查。 || 黄立坤被警方送去附近医院接受检查。 || 王立坤被警方送到附近医院接受检查。 || 皇立坤被警方送到附近医院接受检查。 || 黄立宫被警方送到附近医院接受检查。
578,578,candidate_generation_missing,彼得,欧米茄计时管理委员会成员彼得许尔泽勒介绍说,歐米協計時管理委員會成員皮特許爾澤勒介紹說,欧米计时管理委员会成员皮特许尔泽勒介绍说,False,False,False,2,2,2,0.851673,14,3,歐米協計時管理委員會成員皮特許爾澤勒介紹說 || 歐米協計時管理委員會成員皮特許爾澤勒介紹 || 歐米切記時管理委員會成員皮特許爾澤勒介紹說 || 歐米協議時管理委員會成員皮特許爾澤勒介紹說 || 歐米協計師管理委員會成員皮特許爾澤勒介紹說 || 歐米協計時管理委員會成員皮特許爾澤樂介紹說
611,611,candidate_generation_missing,刘庆红,而十公里女子组由刘庆红以三十四分十秒夺得冠军,而10公里女子组由刘秀红以34分10秒夺得冠军,而十公里女子组由刘秀红以三十四分一零秒夺得冠军,False,False,False,1,1,1,0.997051,8,3,而10公里女子组由刘秀红以34分10秒夺得冠军 || 而10公里女子组由刘秋红以34分10秒夺得冠军 || 而10公里女子组由刘秋虹以34分10秒夺得冠军 || 而十公里女子组由刘秀红以34分10秒夺得冠军 || 而十公里女子组由刘秋红以34分10秒夺得冠军 || 而十公里女子组由刘秋虹以34分10秒夺得冠军
616,616,covo_lost_base_hotword,黄立坤,二十七日深夜终于在云林县一家废弃空屋中救出了黄立坤,27日深夜终于在云林县一家废弃空屋中救出了黄立坤,二七日深夜终于在云林县一家废弃空屋中救出了黄立昆,True,True,True,1,1,1,0.999610,3,2,27日深夜终于在云林县一家废弃空屋中救出了黄立坤 || 27日深夜终于在云林县一家废弃坑屋中救出了黄立坤 || 27日深夜终于在云林县一家废弃空屋中救出黄立坤 || 27日深夜终于在云林县一家废弃坤屋中救出了黄立坤 || 27日深夜终于在云林县一家废弃空屋中救出了黄力坤 || 27日深夜终于在云宁县一家废弃空屋中救出了黄力坤。
617,617,covo_lost_base_hotword,上海迪尼士,港报评上海迪尼士不意味着香港迪尼士的没落,港豹屏上海迪尼士 不意味着香港迪尼士的没落,港报评上海迪士尼不意味香港迪士尼的没落,True,True,True,2,2,2,0.956325,2,5,港豹屏上海迪尼士 不意味着香港迪尼士的没落 || 港暴屏上海迪尼士 不意味着香港迪泥士的没落 || 港報評上海迪尼士不意味著香港迪泥士的沒落 || 港豹屏上海迪尼士 不意味著香港迪泥士的沒落 || 港暴屏上海迪尼士 不意味著香港迪泥士的沒落 || 港報屏上海迪尼士 不意味著香港迪泥士的沒落
617,617,covo_lost_base_hotword,香港迪尼士,港报评上海迪尼士不意味着香港迪尼士的没落,港豹屏上海迪尼士 不意味着香港迪尼士的没落,港报评上海迪士尼不意味香港迪士尼的没落,True,True,True,1,1,1,0.999979,2,5,港豹屏上海迪尼士 不意味着香港迪尼士的没落 || 港暴屏上海迪尼士 不意味着香港迪泥士的没落 || 港報評上海迪尼士不意味著香港迪泥士的沒落 || 港豹屏上海迪尼士 不意味著香港迪泥士的沒落 || 港暴屏上海迪尼士 不意味著香港迪泥士的沒落 || 港報屏上海迪尼士 不意味著香港迪泥士的沒落
623,623,covo_lost_base_hotword,赵书伶,现代快报记者赵书伶,现代快报记者赵书伶 赵继宏,现代快报记者赵书林,True,True,True,1,1,1,0.999999,3,1,现代快报记者赵书伶 赵继宏 || 现代快报记者赵书伶 || 现代快报记者赵书林 赵继宏 || 现代快报记者赵书林 || 现代快报记者赵树龄 || 现代快报记者赵书龄
628,628,kws_context_missing,苹果,苹果将引入这样一套顾客接待系统,中国将引入这样一套顾客接待系统,中国将引入这样一套顾客接待系统,False,False,False,,,,,2,2,中国将引入这样一套顾客接待系统 || 中国将引入这一套顾客接待系统 || 中国将引入一套顾客接待系统 || 中国将引入这样的一套顾客接待系统 || 中国将引入这样一套购客接待系统 || 中国将引入这样一套顾客接待的系统
660,660,covo_lost_base_hotword,付敬懿,中新网成都九月十五日电付敬懿十五日,钟欣 往成都9月15日电付敬懿15日,钟欣往成都九月十五日殿赴敬懿十五日,True,True,True,2,2,2,0.957621,8,5,"钟欣 往成都9月15日电付敬懿15日 || 钟欣往成都九月十五日,颠覆敬懿时五日。 || 钟欣 往成都九月十五日 颠覆敬懿十五 日 || 钟欣 往成都九月十五日殿附敬懿十五 日 || 钟欣 往成都九月十五日殿附敬懿时五日 || 钟欣 往成都九月十五日殿赴敬懿十五 日"
672,672,covo_lost_base_hotword,京汇佳律师事务所,京汇佳律师事务所律师邱宝昌表示,京汇佳律师事务所 历史 邱宝昌表示,京徽佳律师事务所律师邱宝昌表示,True,True,True,1,1,1,1.000000,2,1,京汇佳律师事务所 历史 邱宝昌表示 || 京汇佳律师事务所 旅师邱宝昌表示 || 京汇佳律师事务所 历师邱宝昌表示 || 京汇佳律师事务所 厉师邱宝昌表示 || 京汇佳律师事务所 率师邱宝昌表示 || 京汇佳律师事务所 邱宝昌表示
676,676,covo_failed_with_nbest6,海珠湖公园,记者回访海珠湖公园发现,記者回訪珠海湖公園發現,记者回访珠海湖公园发现,False,True,True,1,1,1,0.998154,7,2,記者回訪珠海湖公園發現 || 记者回访珠海湖公园发现﹚海珠湖公园的环境 || 汽车回访珠海湖公园发现 || 汽车回访了珠海湖公园发现 || 記者回訪了珠海湖公園發現 || 企者回访珠海湖公园发现
693,693,candidate_generation_missing,柯振东,柯振东入狱期间的囚服都能在淘宝上热卖,柯震东入狱期间的囚服都能在淘宝上热卖,柯震东入狱期间的囚服都能在淘宝上热卖,False,False,False,2,2,2,0.999856,1,1,柯震东入狱期间的囚服都能在淘宝上热卖 || 柯震东入狱期间的求福都能在淘宝上热卖 || 柯震东入狱期间的裘福都能在淘宝上热卖 || 柯震东入狱期间的裘扶都能在淘宝上热卖 || 柯震东入狱期间的囚符都能在淘宝上热卖 || 柯震东入狱期间的囚俘都能在淘宝上热卖
712,712,candidate_generation_missing,晋吉岛,游客晋吉岛乘船颠骨折诉旅社索赔二零馀万元,游客经济岛城庄丁古哲速旅社所赔20余万元,游客经济岛城庄丁古厝宿旅社索赔二零馀万元,False,False,False,4,,4,0.413511,12,8,游客经济岛城庄丁古哲速旅社所赔20余万元 || 游客经济岛城床丁古哲速旅社所赔20余万元 || 游客经济岛城庄丁古哲速旅社所赔二零余万元 || 游客经济岛城床丁古哲速旅社所赔二零余万元 || 游客经济岛城庄丁古哲苏旅社所赔20余万元 || 游客经济岛城庄丁古哲宿旅社所赔20余万元
713,713,covo_lost_base_hotword,晋吉岛,崔先生带家人随团前往泰国晋吉岛游玩,崔先生带家人随团前往泰国晋吉岛游玩,崔先生带家人随团前往泰国普吉岛游玩,True,True,True,1,1,1,0.978864,0,1,崔先生带家人随团前往泰国晋吉岛游玩 || 崔先生带家人随团前往泰国经济到游 || 崔先生带家人随团前往泰国经济的游玩 || 崔先生带家人随团前往泰国经济的游往 || 崔先生带家人随团前往泰国经济到游玩 || 崔先生带家人随团前往泰国荆棘岛游玩
715,715,kws_context_missing,林斐然,新京报讯记者林斐然近日,新京报讯记者林文竟然近日,新京报讯记者林文健然近日,False,False,False,,,,,2,2,新京报讯记者林文竟然近日 || 新京报讯记者林文坚然近日 || 新京报讯记者林文健然近日 || 新京报讯记者林文渐然近日 || 新京报讯记者林文简然近日 || 新京报讯记者林文健人近日
736,736,kws_context_missing,银联,首先银联和苹果的合作谈判不会顺利,首先以联合苹果的合作谈判不会顺利,首先与联合苹果的合作谈判不会顺利,False,False,False,,,,,2,2,首先以联合苹果的合作谈判不会顺利 || 首先一联合苹果的合作谈判不会顺利 || 首先因联合苹果的合作谈判不会顺利 || 首先与联合苹果的合作谈判不会顺利 || 首先一年和苹果的合作谈判不会顺利 || 首先依联合苹果的合作谈判不会顺利
759,759,kws_context_missing,龟趺,游客骑着明孝陵驮碑龟趺拍照市民大煞风景,游客骑着明孝陵驮碑归贴拍照市民大厦风景,游客骑着明孝陵驮碑龟贴拍照市民大厦风景,False,False,False,,,,,3,2,游客骑着明孝陵驮碑归贴拍照市民大厦风景 || 游客骑着明孝陵驮碑龟贴拍照市民大厦风景 || 游客骑着明孝陵驮碑归拍照市民大厦风景 || 游客骑着明孝陵驮碑龟拍照市民大厦风景 || 游客骑着明孝陵驮碑龟切拍照市民大厦风景 || 游客骑着明孝陵 驮碑 规贴拍照市民大厦风景
760,760,kws_context_missing,龟趺,游客骑在龟趺身上报料人供图,尤克耳其在龟铁身上抱了人共图,游客骑在龟铁身上抱了人共图,False,False,False,,,,,8,4,尤克耳其在龟铁身上抱了人共图 || 游客骑在龟铁身上抱了人共图 || 尤克耳其在跪帖身上报了人共图 || 尤克耳其在跪帖身上抱了人共图 || 尤克在龟铁身上抱了人共图 || 尤克在跪帖身上抱了人共图
761,761,kws_context_missing,贵港,贵港民警追凶未言弃嫌犯一五年后落法网,贵州民警追凶魏延弃嫌犯15年后落罚网,贵州民警追凶胃炎气嫌犯十五年后落法网,False,False,False,,,,,6,5,贵州民警追凶魏延弃嫌犯15年后落罚网 || 贵州民警追凶魏延弃嫌犯15年后落伐网 || 贵州民警追凶魏延气嫌犯15年后落罚网 || 贵州民警追凶魏延起嫌犯15年后落罚网 || 贵州民警追凶魏延契嫌犯15年后落罚网 || 贵州民警追凶胃炎气嫌犯15年后落罚网
763,763,covo_lost_base_hotword,钟欣,凶手被抓捕归案钟欣摄,凶手被抓捕归案钟欣涉,凶手被抓捕归案中心摄,True,True,True,1,1,1,0.999594,1,2,凶手被抓捕归案钟欣涉 || 凶手被抓捕归案钟欣摄 || 凶手被抓捕归案钟欣社 || 凶手被抓捕归案 || 凶手被抓捕归案中心社 || 凶手被抓捕归案中心射
779,779,covo_lost_base_hotword,奇高市,多年来保持奇高市占率的老板电器,多年来保持奇高市战略的老板电器,多年来保持其高市占率的老板电器,True,True,True,1,1,1,0.999907,2,1,多年来保持奇高市战略的老板电器 || 多年来保持奇高市战略的老板惦记 || 多年来保持奇高市战略的老版电器 || 多年来保持其高市战略的老板 || 多年来保持齐高市战略的老板电器 || 多年来保持其高市战略的老板电器
805,805,kws_context_missing,董某,用右脚踢向董某左腹部,用右脚踢向东北左腹部,用右脚踢向东北左腹部,False,False,False,,,,,2,2,用右脚踢向东北左腹部 || 用右脚踢向东眉左腹部 || 用右脚踢向东美左腹部 || 用右脚踢向东莓左腹部 || 用右脚踢向东梅左腹部 || 用右脚踢向东没左腹部
