idx,nbest_size,top1_entity_recall,oracle_entity_recall,top1_hotword_only_cer,oracle_hotword_only_cer,top1_cer,oracle_cer,oracle_rank,oracle_beats_top1,top1_hit_rate,oracle_hit_rate
0,9.0,0.0,0.0,0.3333333333333333,0.3333333333333333,0.08333333333333333,0.08333333333333333,1.0,0.0,,
1,8.0,0.0,1.0,0.3333333333333333,0.0,0.05555555555555555,0.0,2.0,1.0,,
2,5.0,1.0,1.0,0.0,0.0,0.0,0.0,1.0,0.0,,
3,10.0,1.0,1.0,0.0,0.0,0.0,0.0,1.0,0.0,,
4,9.0,1.0,1.0,0.0,0.0,0.0,0.0,1.0,0.0,,
5,6.0,0.0,0.0,0.125,0.125,0.08695652173913043,0.08695652173913043,1.0,0.0,,
6,6.0,0.0,0.0,0.5,0.5,0.07692307692307693,0.07692307692307693,1.0,0.0,,
7,13.0,1.0,1.0,0.0,0.0,0.07142857142857142,0.0,8.0,0.0,,
8,2.0,1.0,1.0,0.0,0.0,0.0,0.0,1.0,0.0,,
9,5.0,1.0,1.0,0.0,0.0,0.0,0.0,1.0,0.0,,
10,13.0,0.0,0.0,0.6666666666666666,0.3333333333333333,0.16666666666666666,0.08333333333333333,4.0,1.0,,
11,13.0,0.0,0.0,0.6666666666666666,0.3333333333333333,0.16666666666666666,0.08333333333333333,5.0,1.0,,
12,7.0,1.0,1.0,0.0,0.0,0.0,0.0,1.0,0.0,,
13,3.0,1.0,1.0,0.0,0.0,0.0,0.0,1.0,0.0,,
14,9.0,1.0,1.0,0.0,0.0,0.0,0.0,1.0,0.0,,
15,4.0,1.0,1.0,0.0,0.0,0.0,0.0,1.0,0.0,,
16,5.0,0.0,0.0,0.6666666666666666,0.6666666666666666,0.2222222222222222,0.2222222222222222,1.0,0.0,,
17,7.0,0.0,0.0,0.6,0.2,0.2,0.1,4.0,1.0,,
18,15.0,0.0,0.0,0.6,0.6,0.3333333333333333,0.13333333333333333,11.0,0.0,,
19,7.0,0.0,0.0,0.5,0.5,0.07142857142857142,0.07142857142857142,1.0,0.0,,
20,9.0,0.0,0.0,0.6,0.4,0.1,0.05,2.0,1.0,,
21,16.0,0.0,1.0,0.25,0.0,0.1111111111111111,0.05555555555555555,5.0,1.0,,
22,10.0,0.0,1.0,0.3333333333333333,0.0,0.16666666666666666,0.0,7.0,1.0,,
23,6.0,0.0,1.0,0.5,0.0,0.09090909090909091,0.045454545454545456,6.0,1.0,,
24,12.0,0.0,0.0,0.6666666666666666,0.6666666666666666,0.3333333333333333,0.2857142857142857,4.0,0.0,,
25,10.0,0.0,0.5,0.3333333333333333,0.2222222222222222,0.2,0.13333333333333333,2.0,1.0,,
26,3.0,1.0,1.0,0.0,0.0,0.0,0.0,1.0,0.0,,
27,6.0,1.0,1.0,0.0,0.0,0.0,0.0,1.0,0.0,,
28,8.0,1.0,1.0,0.0,0.0,0.0,0.0,1.0,0.0,,
29,6.0,1.0,1.0,0.0,0.0,0.17647058823529413,0.11764705882352941,5.0,0.0,,
30,7.0,0.0,1.0,1.0,0.0,0.16666666666666666,0.0,3.0,1.0,,
31,8.0,0.0,1.0,1.0,0.0,0.13333333333333333,0.0,2.0,1.0,,
32,8.0,1.0,1.0,0.0,0.0,0.0,0.0,1.0,0.0,,
33,10.0,0.0,0.0,1.0,1.0,0.15,0.1,2.0,0.0,,
34,9.0,0.0,0.0,1.0,0.5,0.125,0.0625,4.0,1.0,,
35,6.0,0.0,1.0,1.0,0.0,0.14285714285714285,0.0,3.0,1.0,,
36,4.0,1.0,1.0,0.0,0.0,0.0,0.0,1.0,0.0,,
37,8.0,0.0,0.0,0.4,0.4,0.2,0.2,1.0,0.0,,
38,6.0,0.5,1.0,0.125,0.0,0.08333333333333333,0.0,5.0,1.0,,
39,9.0,0.0,1.0,0.2,0.0,0.047619047619047616,0.0,2.0,1.0,,
40,10.0,1.0,1.0,0.0,0.0,0.0,0.0,1.0,0.0,,
41,7.0,0.0,1.0,0.6666666666666666,0.0,0.2,0.1,6.0,1.0,,
42,6.0,1.0,1.0,0.0,0.0,0.0,0.0,1.0,0.0,,
43,6.0,1.0,1.0,0.0,0.0,0.0,0.0,1.0,0.0,,
44,5.0,0.0,0.0,0.6666666666666666,0.3333333333333333,0.1111111111111111,0.05555555555555555,2.0,1.0,,
45,4.0,1.0,1.0,0.0,0.0,0.08333333333333333,0.0,2.0,0.0,,
46,13.0,0.0,0.0,0.3333333333333333,0.3333333333333333,0.25,0.1875,4.0,0.0,,
47,10.0,0.0,0.0,0.5,0.3333333333333333,0.5833333333333334,0.5416666666666666,2.0,1.0,,
48,10.0,0.0,0.0,0.5,0.5,0.1,0.1,1.0,0.0,,
49,7.0,1.0,1.0,0.0,0.0,0.0,0.0,1.0,0.0,,
50,6.0,0.0,0.0,1.0,1.0,0.13043478260869565,0.08695652173913043,2.0,0.0,,
51,11.0,0.0,0.0,0.5,0.5,0.09090909090909091,0.09090909090909091,1.0,0.0,,
52,10.0,0.0,0.0,0.6666666666666666,0.6666666666666666,0.125,0.08333333333333333,2.0,0.0,,
53,5.0,1.0,1.0,0.0,0.0,0.0,0.0,1.0,0.0,,
54,7.0,1.0,1.0,0.0,0.0,0.0,0.0,1.0,0.0,,
55,7.0,0.0,0.0,0.6,0.6,0.18181818181818182,0.18181818181818182,1.0,0.0,,
56,9.0,0.0,1.0,0.6666666666666666,0.0,0.23529411764705882,0.11764705882352941,2.0,1.0,,
57,3.0,1.0,1.0,0.0,0.0,0.0,0.0,1.0,0.0,,
58,11.0,0.5,0.5,0.4,0.4,0.15384615384615385,0.15384615384615385,1.0,0.0,,
59,8.0,0.0,0.0,0.6666666666666666,0.6666666666666666,0.13043478260869565,0.08695652173913043,2.0,0.0,,
60,5.0,0.0,1.0,0.6666666666666666,0.0,0.3333333333333333,0.0,3.0,1.0,,
61,4.0,1.0,1.0,0.0,0.0,0.0,0.0,1.0,0.0,,
62,9.0,0.0,0.0,0.3333333333333333,0.3333333333333333,0.07142857142857142,0.07142857142857142,1.0,0.0,,
63,4.0,1.0,1.0,0.0,0.0,0.0,0.0,1.0,0.0,,
64,5.0,1.0,1.0,0.0,0.0,0.0,0.0,1.0,0.0,,
65,8.0,0.0,1.0,0.6666666666666666,0.0,0.26666666666666666,0.13333333333333333,8.0,1.0,,
66,6.0,0.5,0.5,0.2,0.2,0.06666666666666667,0.06666666666666667,1.0,0.0,,
67,8.0,1.0,1.0,0.0,0.0,0.0,0.0,1.0,0.0,,
68,7.0,1.0,1.0,0.0,0.0,0.0,0.0,1.0,0.0,,
69,9.0,1.0,1.0,0.0,0.0,0.0,0.0,1.0,0.0,,
70,11.0,0.0,0.5,0.4,0.2,0.13333333333333333,0.06666666666666667,4.0,1.0,,
71,5.0,0.0,0.0,0.2857142857142857,0.14285714285714285,0.13333333333333333,0.06666666666666667,3.0,1.0,,
72,7.0,1.0,1.0,0.0,0.0,0.0,0.0,1.0,0.0,,
73,10.0,0.0,0.0,0.6666666666666666,0.3333333333333333,0.4,0.2,3.0,1.0,,
74,8.0,1.0,1.0,0.0,0.0,0.0,0.0,1.0,0.0,,
75,2.0,1.0,1.0,0.0,0.0,0.0,0.0,1.0,0.0,,
76,9.0,0.0,0.0,0.4,0.2,0.16666666666666666,0.08333333333333333,7.0,1.0,,
77,5.0,0.0,1.0,1.0,0.0,0.125,0.0,2.0,1.0,,
78,6.0,0.0,0.0,1.0,0.5,0.14285714285714285,0.07142857142857142,5.0,1.0,,
79,7.0,0.0,0.0,1.0,0.5,0.2,0.1,4.0,1.0,,
80,9.0,0.0,1.0,1.0,0.0,0.15384615384615385,0.0,4.0,1.0,,
81,6.0,0.0,0.0,1.0,0.5,0.13333333333333333,0.06666666666666667,5.0,1.0,,
82,6.0,0.0,1.0,0.5,0.0,0.1,0.0,4.0,1.0,,
83,6.0,0.0,0.0,0.4444444444444444,0.2222222222222222,0.125,0.0625,6.0,1.0,,
84,7.0,0.0,0.0,1.0,1.0,0.3333333333333333,0.3333333333333333,1.0,0.0,,
85,9.0,0.0,0.0,0.25,0.125,0.09523809523809523,0.047619047619047616,4.0,1.0,,
86,13.0,0.0,1.0,1.0,0.0,0.2727272727272727,0.09090909090909091,10.0,1.0,,
87,10.0,0.0,1.0,1.0,0.0,0.2222222222222222,0.0,4.0,1.0,,
88,10.0,0.0,0.0,1.0,0.5,0.2222222222222222,0.1111111111111111,2.0,1.0,,
89,7.0,0.0,0.0,0.4,0.2,0.16666666666666666,0.08333333333333333,3.0,1.0,,
90,10.0,0.0,1.0,0.5,0.0,0.09090909090909091,0.0,3.0,1.0,,
91,9.0,0.0,1.0,0.2,0.0,0.15789473684210525,0.0,8.0,1.0,,
92,9.0,0.0,1.0,0.5,0.0,0.2222222222222222,0.1111111111111111,7.0,1.0,,
93,11.0,0.0,0.0,1.0,0.5,0.17647058823529413,0.058823529411764705,3.0,1.0,,
94,6.0,0.0,1.0,0.5,0.0,0.16666666666666666,0.0,4.0,1.0,,
95,10.0,0.0,1.0,0.5,0.0,0.05263157894736842,0.0,3.0,1.0,,
96,8.0,0.0,1.0,0.5,0.0,0.08333333333333333,0.0,8.0,1.0,,
97,10.0,0.0,1.0,0.5,0.0,0.08333333333333333,0.0,2.0,1.0,,
98,3.0,1.0,1.0,0.0,0.0,0.07692307692307693,0.0,2.0,0.0,,
99,3.0,0.5,0.5,0.16666666666666666,0.16666666666666666,0.06666666666666667,0.06666666666666667,1.0,0.0,,
100,9.0,0.0,1.0,0.2857142857142857,0.0,0.058823529411764705,0.0,3.0,1.0,,
101,10.0,0.0,0.0,1.0,0.5714285714285714,0.26666666666666666,0.13333333333333333,4.0,1.0,,
102,4.0,1.0,1.0,0.0,0.0,0.0,0.0,1.0,0.0,,
103,10.0,0.5,0.5,0.3333333333333333,0.16666666666666666,0.19047619047619047,0.14285714285714285,5.0,1.0,,
104,12.0,0.0,0.0,0.2857142857142857,0.2857142857142857,0.13636363636363635,0.09090909090909091,2.0,0.0,,
105,16.0,0.0,0.0,0.6,0.4,0.2222222222222222,0.1111111111111111,7.0,1.0,,
106,12.0,0.0,0.0,0.625,0.375,0.35,0.25,4.0,1.0,,
107,8.0,0.0,0.0,0.6666666666666666,0.5,0.19047619047619047,0.14285714285714285,2.0,1.0,,
108,8.0,0.0,0.0,0.6666666666666666,0.3333333333333333,0.11764705882352941,0.058823529411764705,8.0,1.0,,
109,8.0,0.0,0.0,0.6666666666666666,0.6666666666666666,0.125,0.125,1.0,0.0,,
110,11.0,0.0,0.0,0.6,0.6,0.21428571428571427,0.21428571428571427,1.0,0.0,,
111,9.0,0.0,0.0,0.6666666666666666,0.6666666666666666,0.08695652173913043,0.08695652173913043,1.0,0.0,,
112,8.0,1.0,1.0,0.0,0.0,0.058823529411764705,0.0,7.0,0.0,,
113,12.0,1.0,1.0,0.0,0.0,0.058823529411764705,0.0,4.0,0.0,,
114,10.0,1.0,1.0,0.0,0.0,0.0,0.0,1.0,0.0,,
115,10.0,1.0,1.0,0.0,0.0,0.09523809523809523,0.047619047619047616,4.0,0.0,,
116,8.0,1.0,1.0,0.0,0.0,0.047619047619047616,0.0,7.0,0.0,,
117,9.0,1.0,1.0,0.0,0.0,0.25,0.08333333333333333,9.0,0.0,,
118,6.0,1.0,1.0,0.0,0.0,0.05,0.05,1.0,0.0,,
119,5.0,1.0,1.0,0.0,0.0,0.07142857142857142,0.07142857142857142,1.0,0.0,,
120,4.0,0.5,1.0,0.2,0.0,0.09090909090909091,0.0,2.0,1.0,,
121,3.0,1.0,1.0,0.0,0.0,0.0,0.0,1.0,0.0,,
122,10.0,0.0,0.0,0.6666666666666666,0.6666666666666666,0.45,0.4,7.0,0.0,,
123,16.0,1.0,1.0,0.0,0.0,0.1,0.05,5.0,0.0,,
124,7.0,1.0,1.0,0.0,0.0,0.0,0.0,1.0,0.0,,
125,10.0,0.0,0.0,0.4,0.4,0.29411764705882354,0.11764705882352941,8.0,0.0,,
126,11.0,0.0,0.0,1.0,0.5,0.2,0.1,2.0,1.0,,
127,6.0,0.0,0.0,1.0,0.5,0.16666666666666666,0.08333333333333333,4.0,1.0,,
128,8.0,0.0,0.0,0.3333333333333333,0.3333333333333333,0.125,0.0625,4.0,0.0,,
129,2.0,1.0,1.0,0.0,0.0,0.0,0.0,1.0,0.0,,
130,5.0,1.0,1.0,0.0,0.0,0.0,0.0,1.0,0.0,,
131,6.0,1.0,1.0,0.0,0.0,0.0,0.0,1.0,0.0,,
132,11.0,0.0,0.0,0.5,0.5,0.6842105263157895,0.10526315789473684,4.0,0.0,,
133,6.0,0.0,0.0,0.5,0.5,0.4,0.3,2.0,0.0,,
134,9.0,0.0,1.0,0.5,0.0,0.25,0.16666666666666666,5.0,1.0,,
135,13.0,0.0,1.0,0.5,0.0,0.08333333333333333,0.0,5.0,1.0,,
136,7.0,0.0,1.0,0.5,0.0,0.08333333333333333,0.0,4.0,1.0,,
137,2.0,1.0,1.0,0.0,0.0,0.05,0.05,1.0,0.0,,
138,6.0,1.0,1.0,0.0,0.0,0.0,0.0,1.0,0.0,,
139,9.0,0.0,1.0,0.2,0.0,0.09090909090909091,0.0,3.0,1.0,,
140,9.0,1.0,1.0,0.0,0.0,0.15789473684210525,0.10526315789473684,2.0,0.0,,
141,8.0,0.5,0.5,0.3333333333333333,0.3333333333333333,0.2727272727272727,0.18181818181818182,3.0,0.0,,
142,10.0,0.0,0.0,0.3333333333333333,0.3333333333333333,0.047619047619047616,0.047619047619047616,1.0,0.0,,
143,14.0,0.0,0.0,0.6666666666666666,0.6666666666666666,0.3333333333333333,0.2222222222222222,2.0,0.0,,
144,6.0,0.0,1.0,0.3333333333333333,0.0,0.15789473684210525,0.10526315789473684,6.0,1.0,,
145,3.0,1.0,1.0,0.0,0.0,0.0,0.0,1.0,0.0,,
146,9.0,0.0,1.0,0.5,0.0,0.125,0.0,2.0,1.0,,
147,9.0,0.0,1.0,0.6666666666666666,0.0,0.18181818181818182,0.0,4.0,1.0,,
148,8.0,0.0,0.0,0.5,0.5,0.14285714285714285,0.14285714285714285,1.0,0.0,,
149,10.0,0.0,0.0,0.3333333333333333,0.3333333333333333,0.1,0.1,1.0,0.0,,
150,9.0,1.0,1.0,0.0,0.0,0.1111111111111111,0.0,3.0,0.0,,
151,12.0,0.0,1.0,1.0,0.0,0.10526315789473684,0.0,3.0,1.0,,
152,5.0,1.0,1.0,0.0,0.0,0.0,0.0,1.0,0.0,,
153,7.0,1.0,1.0,0.0,0.0,0.2,0.15,4.0,0.0,,
154,8.0,0.0,1.0,0.16666666666666666,0.0,0.15,0.1,3.0,1.0,,
155,3.0,1.0,1.0,0.0,0.0,0.0,0.0,1.0,0.0,,
156,4.0,1.0,1.0,0.0,0.0,0.058823529411764705,0.0,2.0,0.0,,
157,4.0,1.0,1.0,0.0,0.0,0.0,0.0,1.0,0.0,,
158,7.0,0.0,0.5,0.8,0.2,0.23529411764705882,0.058823529411764705,7.0,1.0,,
159,9.0,0.0,1.0,1.0,0.0,0.3333333333333333,0.0,4.0,1.0,,
160,4.0,1.0,1.0,0.0,0.0,0.0,0.0,1.0,0.0,,
161,12.0,0.0,0.0,0.5,0.5,0.3076923076923077,0.15384615384615385,5.0,0.0,,
162,6.0,1.0,1.0,0.0,0.0,0.07692307692307693,0.0,2.0,0.0,,
163,7.0,0.0,1.0,0.3333333333333333,0.0,0.07692307692307693,0.0,2.0,1.0,,
164,7.0,0.0,1.0,0.0,0.0,0.14285714285714285,0.0,2.0,1.0,,
165,8.0,1.0,1.0,0.0,0.0,0.0,0.0,1.0,0.0,,
166,4.0,0.0,0.0,0.2857142857142857,0.2857142857142857,0.13636363636363635,0.13636363636363635,1.0,0.0,,
167,6.0,1.0,1.0,0.0,0.0,0.06666666666666667,0.0,6.0,0.0,,
168,10.0,1.0,1.0,0.0,0.0,0.0,0.0,1.0,0.0,,
169,10.0,0.0,0.0,1.0,0.6666666666666666,0.25,0.16666666666666666,2.0,1.0,,
170,6.0,0.0,0.0,1.0,1.0,0.5,0.5,1.0,0.0,,
171,9.0,1.0,1.0,0.0,0.0,0.09523809523809523,0.047619047619047616,3.0,0.0,,
172,13.0,1.0,1.0,0.0,0.0,0.1,0.05,3.0,0.0,,
173,8.0,1.0,1.0,0.0,0.0,0.10526315789473684,0.05263157894736842,7.0,0.0,,
174,10.0,1.0,1.0,0.0,0.0,0.0,0.0,1.0,0.0,,
175,13.0,0.0,1.0,0.5,0.0,0.3,0.0,8.0,1.0,,
176,10.0,1.0,1.0,0.0,0.0,0.05555555555555555,0.0,2.0,0.0,,
177,8.0,1.0,1.0,0.5,0.0,0.23529411764705882,0.0,4.0,1.0,,
178,12.0,1.0,1.0,0.0,0.0,0.0,0.0,1.0,0.0,,
179,8.0,0.0,1.0,0.3333333333333333,0.0,0.045454545454545456,0.0,3.0,1.0,,
180,8.0,0.0,1.0,0.3333333333333333,0.0,0.045454545454545456,0.0,4.0,1.0,,
181,11.0,0.0,0.0,0.6666666666666666,0.3333333333333333,0.16666666666666666,0.08333333333333333,3.0,1.0,,
182,12.0,1.0,1.0,0.0,0.0,0.09090909090909091,0.0,2.0,0.0,,
183,14.0,0.0,0.0,1.0,1.0,0.16666666666666666,0.1111111111111111,3.0,0.0,,
184,5.0,0.0,1.0,0.3333333333333333,0.0,0.045454545454545456,0.0,5.0,1.0,,
185,6.0,1.0,1.0,0.0,0.0,0.18181818181818182,0.0,2.0,0.0,,
186,16.0,1.0,1.0,0.5,0.0,0.15384615384615385,0.07692307692307693,3.0,1.0,,
187,13.0,0.0,1.0,0.3333333333333333,0.0,0.13333333333333333,0.06666666666666667,4.0,1.0,,
188,9.0,1.0,1.0,0.0,0.0,0.2222222222222222,0.2222222222222222,1.0,0.0,,
189,12.0,1.0,1.0,0.0,0.0,0.3333333333333333,0.3333333333333333,1.0,0.0,,
190,3.0,1.0,1.0,0.0,0.0,0.0,0.0,1.0,0.0,,
191,5.0,1.0,1.0,0.0,0.0,0.0,0.0,1.0,0.0,,
192,6.0,0.0,1.0,0.4,0.2,0.2,0.1,3.0,1.0,,
193,6.0,0.0,0.0,0.5714285714285714,0.42857142857142855,0.5384615384615384,0.23076923076923078,4.0,1.0,,
194,5.0,0.0,0.0,0.4444444444444444,0.4444444444444444,0.21428571428571427,0.21428571428571427,1.0,0.0,,
195,8.0,1.0,1.0,0.0,0.0,0.0,0.0,1.0,0.0,,
196,16.0,1.0,1.0,0.0,0.0,0.16666666666666666,0.08333333333333333,14.0,0.0,,
197,13.0,0.5,1.0,0.4444444444444444,0.0,0.5714285714285714,0.2857142857142857,5.0,1.0,,
198,13.0,0.5,0.5,0.18181818181818182,0.18181818181818182,0.1,0.1,1.0,0.0,,
199,12.0,0.0,0.0,0.375,0.125,0.375,0.125,7.0,1.0,,
200,4.0,1.0,1.0,0.0,0.0,0.0,0.0,1.0,0.0,,
201,8.0,1.0,1.0,0.2222222222222222,0.0,0.07142857142857142,0.0,6.0,1.0,,
202,9.0,0.0,0.0,0.2,0.2,0.18181818181818182,0.09090909090909091,3.0,0.0,,
203,7.0,0.5,1.0,0.1111111111111111,0.0,0.1111111111111111,0.0,3.0,1.0,,
204,8.0,1.0,1.0,0.14285714285714285,0.0,0.09090909090909091,0.0,4.0,1.0,,
205,8.0,0.0,1.0,0.5,0.0,0.06666666666666667,0.0,7.0,1.0,,
206,6.0,1.0,1.0,0.0,0.0,0.0,0.0,1.0,0.0,,
207,16.0,0.0,0.0,0.75,0.5,0.35,0.2,7.0,1.0,,
208,11.0,0.0,0.6666666666666666,0.3333333333333333,0.08333333333333333,0.3,0.1,8.0,1.0,,
209,14.0,0.0,0.0,0.2857142857142857,0.2857142857142857,0.09090909090909091,0.09090909090909091,1.0,0.0,,
210,8.0,0.0,1.0,0.5,0.0,0.1,0.05,5.0,1.0,,
211,10.0,0.5,0.5,0.2,0.2,0.1,0.05,4.0,0.0,,
212,16.0,0.5,0.5,0.14285714285714285,0.14285714285714285,0.05555555555555555,0.05555555555555555,1.0,0.0,,
213,11.0,1.0,1.0,0.0,0.0,0.0,0.0,1.0,0.0,,
214,14.0,0.0,0.0,0.5806451612903226,0.4838709677419355,0.5555555555555556,0.5185185185185185,9.0,1.0,,
215,10.0,0.5,0.5,0.3333333333333333,0.16666666666666666,0.25,0.1875,7.0,1.0,,
216,12.0,0.0,0.0,0.6666666666666666,0.3333333333333333,0.2,0.1,8.0,1.0,,
217,8.0,1.0,1.0,0.0,0.0,0.0,0.0,1.0,0.0,,
218,5.0,1.0,1.0,0.0,0.0,0.0,0.0,1.0,0.0,,
219,4.0,1.0,1.0,0.0,0.0,0.0,0.0,1.0,0.0,,
220,12.0,1.0,1.0,0.0,0.0,0.1111111111111111,0.0,2.0,0.0,,
221,6.0,1.0,1.0,0.0,0.0,0.0,0.0,1.0,0.0,,
222,5.0,1.0,1.0,0.0,0.0,0.10526315789473684,0.0,2.0,0.0,,
223,3.0,1.0,1.0,0.0,0.0,0.0,0.0,1.0,0.0,,
224,7.0,1.0,1.0,0.0,0.0,0.0,0.0,1.0,0.0,,
225,5.0,1.0,1.0,0.0,0.0,0.0,0.0,1.0,0.0,,
226,11.0,0.0,0.0,0.16666666666666666,0.16666666666666666,0.047619047619047616,0.047619047619047616,1.0,0.0,,
227,4.0,1.0,1.0,0.0,0.0,0.0,0.0,1.0,0.0,,
228,8.0,1.0,1.0,0.0,0.0,0.0,0.0,1.0,0.0,,
229,5.0,0.0,0.0,0.16666666666666666,0.16666666666666666,0.18181818181818182,0.18181818181818182,1.0,0.0,,
230,5.0,0.0,0.0,0.3333333333333333,0.16666666666666666,0.11764705882352941,0.058823529411764705,5.0,1.0,,
231,11.0,0.0,1.0,0.25,0.0,0.25,0.125,8.0,1.0,,
232,14.0,1.0,1.0,0.0,0.0,0.0,0.0,1.0,0.0,,
233,13.0,1.0,1.0,0.0,0.0,0.2727272727272727,0.2727272727272727,1.0,0.0,,
234,7.0,1.0,1.0,0.0,0.0,0.14285714285714285,0.14285714285714285,1.0,0.0,,
235,13.0,0.0,1.0,0.16666666666666666,0.0,0.125,0.0,2.0,1.0,,
236,4.0,1.0,1.0,0.0,0.0,0.0,0.0,1.0,0.0,,
237,5.0,0.0,0.0,0.3333333333333333,0.16666666666666666,0.25,0.125,2.0,1.0,,
238,9.0,0.0,0.0,0.4,0.2,0.42857142857142855,0.14285714285714285,5.0,1.0,,
239,7.0,0.0,0.5,0.2222222222222222,0.1111111111111111,0.2222222222222222,0.1111111111111111,5.0,1.0,,
240,3.0,1.0,1.0,0.0,0.0,0.07692307692307693,0.0,2.0,0.0,,
241,8.0,1.0,1.0,0.0,0.0,0.0,0.0,1.0,0.0,,
242,10.0,1.0,1.0,0.0,0.0,0.0,0.0,1.0,0.0,,
243,10.0,1.0,1.0,0.0,0.0,0.0,0.0,1.0,0.0,,
244,11.0,1.0,1.0,0.0,0.0,0.0,0.0,1.0,0.0,,
245,16.0,0.0,1.0,0.3333333333333333,0.0,0.23076923076923078,0.0,7.0,1.0,,
246,15.0,1.0,1.0,0.0,0.0,0.05555555555555555,0.0,12.0,0.0,,
247,9.0,1.0,1.0,0.0,0.0,0.0,0.0,1.0,0.0,,
248,5.0,0.5,0.5,0.16666666666666666,0.16666666666666666,0.1,0.1,1.0,0.0,,
249,6.0,1.0,1.0,0.0,0.0,0.0,0.0,1.0,0.0,,
250,6.0,0.0,0.0,1.0,1.0,0.2,0.13333333333333333,3.0,0.0,,
251,8.0,0.0,1.0,0.5,0.0,0.09090909090909091,0.0,3.0,1.0,,
252,9.0,0.0,1.0,0.3333333333333333,0.0,0.07142857142857142,0.0,2.0,1.0,,
253,10.0,0.0,0.5,0.5,0.16666666666666666,0.14285714285714285,0.047619047619047616,4.0,1.0,,
254,13.0,0.0,0.0,1.0,0.3333333333333333,0.3333333333333333,0.1111111111111111,11.0,1.0,,
255,8.0,1.0,1.0,0.0,0.0,0.0,0.0,1.0,0.0,,
256,16.0,0.0,0.0,0.3333333333333333,0.3333333333333333,0.4,0.26666666666666666,7.0,0.0,,
257,9.0,1.0,1.0,0.0,0.0,0.043478260869565216,0.0,3.0,0.0,,
258,8.0,0.0,0.0,1.0,1.0,0.19047619047619047,0.19047619047619047,1.0,0.0,,
259,6.0,1.0,1.0,0.0,0.0,0.0,0.0,1.0,0.0,,
260,2.0,1.0,1.0,0.0,0.0,0.0,0.0,1.0,0.0,,
261,14.0,0.0,0.0,0.5,0.5,0.25,0.15,12.0,0.0,,
262,9.0,1.0,1.0,0.0,0.0,0.0,0.0,1.0,0.0,,
263,8.0,0.0,1.0,0.5,0.0,0.14285714285714285,0.0,8.0,1.0,,
264,9.0,0.0,0.0,1.0,1.0,0.25,0.125,2.0,0.0,,
265,8.0,0.0,0.5,0.5,0.25,0.1,0.05,6.0,1.0,,
266,9.0,0.0,0.5,0.75,0.25,0.2727272727272727,0.09090909090909091,4.0,1.0,,
267,10.0,0.0,0.0,0.5,0.5,0.2,0.2,1.0,0.0,,
268,4.0,0.0,0.5,0.75,0.5,0.23809523809523808,0.19047619047619047,4.0,1.0,,
269,9.0,0.0,0.5,0.75,0.25,0.15,0.05,6.0,1.0,,
270,15.0,0.0,0.0,0.5,0.5,0.16666666666666666,0.041666666666666664,5.0,0.0,,
271,11.0,0.0,0.5,0.75,0.5,0.13043478260869565,0.08695652173913043,7.0,1.0,,
272,8.0,0.0,0.0,0.5,0.5,0.55,0.05,5.0,0.0,,
273,5.0,0.0,0.0,0.5,0.5,0.06666666666666667,0.06666666666666667,1.0,0.0,,
274,8.0,0.0,0.0,1.0,0.5,0.125,0.0625,3.0,1.0,,
275,8.0,0.5,0.5,0.2,0.1,0.15384615384615385,0.07692307692307693,2.0,1.0,,
276,6.0,0.0,0.0,0.5,0.5,0.07692307692307693,0.07692307692307693,1.0,0.0,,
277,6.0,0.0,0.0,0.5,0.5,0.07692307692307693,0.07692307692307693,1.0,0.0,,
278,6.0,0.0,0.0,0.5,0.5,0.0625,0.0625,1.0,0.0,,
279,5.0,0.0,1.0,0.3333333333333333,0.0,0.07142857142857142,0.0,2.0,1.0,,
280,7.0,0.0,0.0,0.5,0.5,0.06666666666666667,0.06666666666666667,1.0,0.0,,
281,7.0,0.0,0.0,1.0,0.5,0.14285714285714285,0.07142857142857142,2.0,1.0,,
282,13.0,0.0,0.0,0.25,0.25,0.058823529411764705,0.058823529411764705,1.0,0.0,,
284,5.0,1.0,1.0,0.0,0.0,0.0,0.0,1.0,0.0,,
285,15.0,0.0,0.0,0.5,0.5,0.17647058823529413,0.11764705882352941,2.0,0.0,,
286,7.0,1.0,1.0,0.0,0.0,0.0,0.0,1.0,0.0,,
287,7.0,1.0,1.0,0.0,0.0,0.07142857142857142,0.0,2.0,0.0,,
288,4.0,1.0,1.0,0.0,0.0,0.05,0.0,2.0,0.0,,
289,8.0,0.0,0.0,0.3333333333333333,0.3333333333333333,0.17647058823529413,0.058823529411764705,5.0,0.0,,
290,7.0,0.3333333333333333,0.3333333333333333,0.2222222222222222,0.2222222222222222,0.1111111111111111,0.1111111111111111,1.0,0.0,,
291,14.0,1.0,1.0,0.0,0.0,0.16666666666666666,0.05555555555555555,10.0,0.0,,
292,8.0,0.5,1.0,0.16666666666666666,0.0,0.08333333333333333,0.0,2.0,1.0,,
293,8.0,1.0,1.0,0.0,0.0,0.09090909090909091,0.045454545454545456,7.0,0.0,,
294,2.0,1.0,1.0,0.0,0.0,0.047619047619047616,0.047619047619047616,1.0,0.0,,
295,13.0,0.0,1.0,0.25,0.0,0.09090909090909091,0.0,12.0,1.0,,
296,10.0,0.0,0.0,0.75,0.5,0.25,0.16666666666666666,3.0,1.0,,
297,10.0,0.0,0.0,0.75,0.75,0.2857142857142857,0.21428571428571427,2.0,0.0,,
298,4.0,1.0,1.0,0.0,0.0,0.0,0.0,1.0,0.0,,
299,15.0,1.0,1.0,0.0,0.0,0.0,0.0,1.0,0.0,,
300,7.0,1.0,1.0,0.0,0.0,0.041666666666666664,0.041666666666666664,1.0,0.0,,
301,3.0,1.0,1.0,0.0,0.0,0.0,0.0,1.0,0.0,,
302,2.0,1.0,1.0,0.0,0.0,0.0,0.0,1.0,0.0,,
303,7.0,0.0,1.0,0.3333333333333333,0.0,0.05,0.0,5.0,1.0,,
304,2.0,1.0,1.0,0.0,0.0,0.0,0.0,1.0,0.0,,
305,5.0,1.0,1.0,0.0,0.0,0.0,0.0,1.0,0.0,,
306,5.0,1.0,1.0,0.0,0.0,0.0,0.0,1.0,0.0,,
307,7.0,1.0,1.0,0.0,0.0,0.0,0.0,1.0,0.0,,
308,16.0,1.0,1.0,0.0,0.0,0.0625,0.0625,1.0,0.0,,
309,4.0,1.0,1.0,0.0,0.0,0.20689655172413793,0.0,3.0,0.0,,
310,10.0,1.0,1.0,0.0,0.0,0.0,0.0,1.0,0.0,,
311,13.0,0.0,1.0,0.3333333333333333,0.0,0.08333333333333333,0.0,6.0,1.0,,
312,2.0,1.0,1.0,0.0,0.0,0.0,0.0,1.0,0.0,,
313,2.0,1.0,1.0,0.0,0.0,0.0,0.0,1.0,0.0,,
314,8.0,0.0,1.0,0.3333333333333333,0.0,0.05555555555555555,0.0,2.0,1.0,,
315,10.0,0.0,1.0,0.3333333333333333,0.0,0.125,0.0625,5.0,1.0,,
316,8.0,0.0,0.0,0.3333333333333333,0.3333333333333333,0.1111111111111111,0.1111111111111111,1.0,0.0,,
317,5.0,1.0,1.0,0.0,0.0,0.0,0.0,1.0,0.0,,
318,5.0,0.0,1.0,0.25,0.0,0.0625,0.0,2.0,1.0,,
319,7.0,1.0,1.0,0.0,0.0,0.0,0.0,1.0,0.0,,
320,9.0,0.0,1.0,0.25,0.0,0.07692307692307693,0.0,3.0,1.0,,
321,15.0,0.0,0.0,0.75,0.25,0.16666666666666666,0.05555555555555555,14.0,1.0,,
322,5.0,0.0,1.0,0.25,0.0,0.44,0.4,4.0,1.0,,
323,14.0,0.0,0.0,0.5,0.25,0.15384615384615385,0.07692307692307693,2.0,1.0,,
324,8.0,1.0,1.0,0.0,0.0,0.041666666666666664,0.0,3.0,0.0,,
325,10.0,0.0,0.0,1.0,0.3333333333333333,0.15,0.1,8.0,1.0,,
326,11.0,0.0,0.0,0.3333333333333333,0.3333333333333333,0.0625,0.0625,1.0,0.0,,
327,15.0,0.0,0.0,0.6666666666666666,0.3333333333333333,0.1111111111111111,0.05555555555555555,2.0,1.0,,
328,8.0,1.0,1.0,0.0,0.0,0.0,0.0,1.0,0.0,,
329,11.0,0.0,0.0,1.0,0.6666666666666666,0.29411764705882354,0.23529411764705882,9.0,1.0,,
330,15.0,0.0,0.0,1.0,1.0,0.15,0.15,1.0,0.0,,
331,7.0,1.0,1.0,0.0,0.0,0.0,0.0,1.0,0.0,,
332,4.0,1.0,1.0,0.0,0.0,0.047619047619047616,0.047619047619047616,1.0,0.0,,
333,12.0,0.0,0.0,0.6666666666666666,0.3333333333333333,0.13333333333333333,0.06666666666666667,2.0,1.0,,
334,13.0,0.0,1.0,0.3333333333333333,0.0,0.08333333333333333,0.0,6.0,1.0,,
335,8.0,0.0,0.0,0.75,0.25,0.11764705882352941,0.058823529411764705,2.0,1.0,,
336,5.0,1.0,1.0,0.0,0.0,0.0,0.0,1.0,0.0,,
337,12.0,1.0,1.0,0.0,0.0,0.0,0.0,1.0,0.0,,
338,11.0,0.0,0.0,0.5,0.25,0.35,0.2,10.0,1.0,,
339,12.0,0.0,1.0,0.75,0.5,0.23529411764705882,0.11764705882352941,12.0,1.0,,
340,4.0,1.0,1.0,0.0,0.0,0.1111111111111111,0.0,2.0,0.0,,
341,10.0,0.0,0.0,0.6666666666666666,0.3333333333333333,0.2727272727272727,0.18181818181818182,7.0,1.0,,
342,9.0,0.3333333333333333,0.3333333333333333,0.5,0.3,0.30434782608695654,0.21739130434782608,3.0,1.0,,
343,14.0,0.5,0.5,0.38461538461538464,0.3076923076923077,0.4,0.35,9.0,1.0,,
344,13.0,0.0,0.0,0.75,0.25,0.25,0.08333333333333333,3.0,1.0,,
345,8.0,0.0,0.0,0.75,0.25,0.35714285714285715,0.21428571428571427,8.0,1.0,,
346,7.0,1.0,1.0,0.0,0.0,0.13333333333333333,0.0,5.0,0.0,,
347,11.0,1.0,1.0,0.0,0.0,0.0,0.0,1.0,0.0,,
348,10.0,1.0,1.0,0.0,0.0,0.2,0.0,5.0,0.0,,
349,9.0,1.0,1.0,0.0,0.0,0.0,0.0,1.0,0.0,,
350,3.0,1.0,1.0,0.0,0.0,0.0,0.0,1.0,0.0,,
351,5.0,1.0,1.0,0.0,0.0,0.0,0.0,1.0,0.0,,
353,2.0,1.0,1.0,0.0,0.0,0.0,0.0,1.0,0.0,,
354,8.0,1.0,1.0,1.0,1.0,0.14285714285714285,0.047619047619047616,2.0,0.0,,
355,6.0,1.0,1.0,0.0,0.0,0.0,0.0,1.0,0.0,,
356,4.0,1.0,1.0,0.0,0.0,0.1,0.1,1.0,0.0,,
358,9.0,0.0,1.0,0.75,0.5,0.13333333333333333,0.06666666666666667,3.0,1.0,,
359,12.0,0.0,1.0,0.25,0.0,0.23809523809523808,0.0,8.0,1.0,,
360,10.0,0.0,0.0,0.2222222222222222,0.2222222222222222,0.1,0.1,1.0,0.0,,
361,13.0,0.0,0.0,0.25,0.25,0.25,0.125,7.0,0.0,,
362,8.0,1.0,1.0,0.0,0.0,0.0,0.0,1.0,0.0,,
363,16.0,1.0,1.0,0.0,0.0,0.0,0.0,1.0,0.0,,
364,11.0,0.0,1.0,0.25,0.0,0.19047619047619047,0.14285714285714285,5.0,1.0,,
365,11.0,0.0,1.0,0.3333333333333333,0.0,0.1,0.0,7.0,1.0,,
366,6.0,0.0,1.0,0.25,0.0,0.09090909090909091,0.0,3.0,1.0,,
367,8.0,0.0,1.0,0.3333333333333333,0.0,0.07692307692307693,0.0,7.0,1.0,,
368,10.0,1.0,1.0,0.0,0.0,0.10526315789473684,0.05263157894736842,7.0,0.0,,
369,8.0,0.0,0.0,0.5,0.5,0.043478260869565216,0.043478260869565216,1.0,0.0,,
370,12.0,0.0,0.0,0.5,0.5,0.07692307692307693,0.07692307692307693,1.0,0.0,,
371,12.0,1.0,1.0,0.0,0.0,0.1,0.0,7.0,0.0,,
372,10.0,1.0,1.0,0.0,0.0,0.15,0.0,7.0,0.0,,
373,3.0,0.0,0.0,0.6666666666666666,0.3333333333333333,0.10526315789473684,0.05263157894736842,2.0,1.0,,
374,11.0,0.0,0.0,1.0,1.0,0.15,0.15,1.0,0.0,,
375,6.0,1.0,1.0,0.0,0.0,0.0,0.0,1.0,0.0,,
376,16.0,0.0,0.0,0.6666666666666666,0.6666666666666666,0.1,0.1,1.0,0.0,,
377,11.0,0.0,0.0,0.6666666666666666,0.6666666666666666,0.16666666666666666,0.16666666666666666,1.0,0.0,,
378,16.0,0.0,0.0,0.6666666666666666,0.6666666666666666,0.2222222222222222,0.1111111111111111,12.0,0.0,,
379,12.0,0.0,0.0,0.6666666666666666,0.3333333333333333,0.2222222222222222,0.1111111111111111,4.0,1.0,,
380,9.0,1.0,1.0,0.0,0.0,0.0,0.0,1.0,0.0,,
381,9.0,0.0,1.0,0.5,0.0,0.15384615384615385,0.0,7.0,1.0,,
382,11.0,0.0,0.0,0.6666666666666666,0.3333333333333333,0.26666666666666666,0.2,5.0,1.0,,
383,14.0,1.0,1.0,0.0,0.0,0.0,0.0,1.0,0.0,,
384,5.0,1.0,1.0,0.0,0.0,0.10526315789473684,0.0,2.0,0.0,,
385,3.0,1.0,1.0,0.0,0.0,0.0,0.0,1.0,0.0,,
386,9.0,1.0,1.0,0.0,0.0,0.30434782608695654,0.2608695652173913,2.0,0.0,,
387,12.0,0.0,1.0,0.5,0.0,0.15,0.1,3.0,1.0,,
388,13.0,0.0,1.0,0.5,0.0,0.2222222222222222,0.1111111111111111,11.0,1.0,,
389,5.0,0.0,0.0,0.5,0.5,0.05,0.05,1.0,0.0,,
390,10.0,0.0,0.0,0.6666666666666666,0.3333333333333333,0.3125,0.1875,6.0,1.0,,
391,4.0,0.0,0.0,0.6666666666666666,0.3333333333333333,0.11764705882352941,0.058823529411764705,4.0,1.0,,
392,3.0,1.0,1.0,0.0,0.0,0.15384615384615385,0.0,2.0,0.0,,
393,3.0,1.0,1.0,0.0,0.0,0.0,0.0,1.0,0.0,,
394,5.0,0.0,0.0,0.3333333333333333,0.3333333333333333,0.05,0.05,1.0,0.0,,
395,6.0,1.0,1.0,0.0,0.0,0.05555555555555555,0.0,4.0,0.0,,
396,7.0,1.0,1.0,0.0,0.0,0.21052631578947367,0.0,5.0,0.0,,
397,3.0,1.0,1.0,0.0,0.0,0.0,0.0,1.0,0.0,,
399,3.0,1.0,1.0,0.0,0.0,0.0,0.0,1.0,0.0,,
400,8.0,1.0,1.0,0.0,0.0,0.19047619047619047,0.09523809523809523,7.0,0.0,,
401,4.0,1.0,1.0,0.0,0.0,0.0,0.0,1.0,0.0,,
402,7.0,1.0,1.0,0.0,0.0,0.0,0.0,1.0,0.0,,
403,6.0,1.0,1.0,0.0,0.0,0.0,0.0,1.0,0.0,,
404,3.0,1.0,1.0,0.0,0.0,0.1111111111111111,0.0,3.0,0.0,,
405,6.0,0.0,0.0,0.25,0.25,0.25,0.08333333333333333,5.0,0.0,,
406,3.0,1.0,1.0,0.0,0.0,0.16666666666666666,0.0,2.0,0.0,,
407,5.0,1.0,1.0,0.0,0.0,0.0,0.0,1.0,0.0,,
408,5.0,1.0,1.0,0.0,0.0,0.0,0.0,1.0,0.0,,
409,12.0,1.0,1.0,0.0,0.0,0.0,0.0,1.0,0.0,,
410,7.0,1.0,1.0,0.0,0.0,0.0,0.0,1.0,0.0,,
411,7.0,0.0,0.0,0.6666666666666666,0.3333333333333333,0.1111111111111111,0.05555555555555555,5.0,1.0,,
412,6.0,1.0,1.0,0.0,0.0,0.0,0.0,1.0,0.0,,
413,7.0,1.0,1.0,0.0,0.0,0.0,0.0,1.0,0.0,,
414,9.0,0.0,0.0,0.5,0.5,0.3,0.25,6.0,0.0,,
415,2.0,0.0,0.0,0.3333333333333333,0.3333333333333333,0.05,0.05,1.0,0.0,,
416,9.0,0.0,0.0,0.5,0.3333333333333333,0.25,0.16666666666666666,5.0,1.0,,
417,10.0,0.0,0.0,0.3333333333333333,0.3333333333333333,0.1,0.1,1.0,0.0,,
418,8.0,1.0,1.0,0.0,0.0,0.125,0.0625,2.0,0.0,,
419,7.0,0.0,0.0,1.0,1.0,0.5714285714285714,0.5714285714285714,1.0,0.0,,
420,10.0,0.0,0.0,0.6666666666666666,0.3333333333333333,0.19047619047619047,0.14285714285714285,8.0,1.0,,
421,7.0,0.0,0.0,0.3333333333333333,0.3333333333333333,0.1,0.1,1.0,0.0,,
422,10.0,1.0,1.0,0.0,0.0,0.19047619047619047,0.19047619047619047,1.0,0.0,,
423,5.0,0.5,0.5,0.2,0.2,0.2,0.05,3.0,0.0,,
424,6.0,1.0,1.0,0.0,0.0,0.17647058823529413,0.17647058823529413,1.0,0.0,,
425,6.0,1.0,1.0,0.0,0.0,0.0,0.0,1.0,0.0,,
426,4.0,1.0,1.0,0.0,0.0,0.0,0.0,1.0,0.0,,
427,5.0,0.0,0.0,1.0,1.0,0.15,0.1,3.0,0.0,,
428,8.0,0.0,1.0,0.4,0.0,0.21428571428571427,0.07142857142857142,7.0,1.0,,
429,7.0,1.0,1.0,0.0,0.0,0.09090909090909091,0.09090909090909091,1.0,0.0,,
430,5.0,0.0,0.0,0.5,0.5,0.043478260869565216,0.043478260869565216,1.0,0.0,,
431,5.0,0.0,1.0,0.4,0.0,0.09523809523809523,0.0,3.0,1.0,,
432,6.0,1.0,1.0,0.0,0.0,0.0,0.0,1.0,0.0,,
433,13.0,0.0,0.0,0.75,0.5,0.4,0.3,6.0,1.0,,
434,11.0,1.0,1.0,0.0,0.0,0.0,0.0,1.0,0.0,,
435,14.0,0.0,0.0,0.3333333333333333,0.16666666666666666,0.5,0.3333333333333333,6.0,1.0,,
436,6.0,1.0,1.0,0.0,0.0,0.0,0.0,1.0,0.0,,
437,12.0,1.0,1.0,0.0,0.0,0.07692307692307693,0.0,2.0,0.0,,
438,2.0,1.0,1.0,0.0,0.0,0.0,0.0,1.0,0.0,,
439,6.0,1.0,1.0,0.0,0.0,0.06666666666666667,0.0,2.0,0.0,,
440,6.0,1.0,1.0,0.0,0.0,0.0,0.0,1.0,0.0,,
441,3.0,0.0,0.0,0.5,0.5,0.05555555555555555,0.05555555555555555,1.0,0.0,,
442,13.0,0.0,1.0,0.5,0.0,0.16666666666666666,0.08333333333333333,7.0,1.0,,
443,11.0,0.0,0.0,1.0,0.5,0.21428571428571427,0.14285714285714285,3.0,1.0,,
444,10.0,0.0,0.0,1.0,0.6666666666666666,0.23076923076923078,0.15384615384615385,7.0,1.0,,
445,15.0,0.0,0.0,1.0,0.3333333333333333,0.3333333333333333,0.08333333333333333,5.0,1.0,,
446,5.0,1.0,1.0,0.0,0.0,0.0,0.0,1.0,0.0,,
447,9.0,0.0,1.0,0.3333333333333333,0.0,0.06666666666666667,0.0,3.0,1.0,,
448,15.0,1.0,1.0,0.0,0.0,0.05,0.0,2.0,0.0,,
449,5.0,0.0,0.0,0.5,0.5,0.05,0.05,1.0,0.0,,
450,10.0,0.0,0.0,0.3333333333333333,0.3333333333333333,0.09090909090909091,0.045454545454545456,4.0,0.0,,
451,4.0,1.0,1.0,0.0,0.0,0.08333333333333333,0.08333333333333333,1.0,0.0,,
452,16.0,0.0,0.0,0.4,0.4,0.1111111111111111,0.1111111111111111,1.0,0.0,,
453,13.0,0.0,0.0,0.3333333333333333,0.3333333333333333,0.15,0.05,11.0,0.0,,
454,9.0,0.0,0.0,0.6666666666666666,0.6666666666666666,0.13333333333333333,0.13333333333333333,1.0,0.0,,
455,12.0,1.0,1.0,0.0,0.0,0.2631578947368421,0.21052631578947367,2.0,0.0,,
456,7.0,0.0,0.0,1.0,1.0,0.1,0.1,1.0,0.0,,
457,16.0,0.3333333333333333,0.3333333333333333,0.5714285714285714,0.42857142857142855,0.2608695652173913,0.21739130434782608,5.0,1.0,,
458,7.0,1.0,1.0,0.0,0.0,0.1111111111111111,0.05555555555555555,7.0,0.0,,
459,8.0,0.0,1.0,0.5,0.0,0.08333333333333333,0.0,2.0,1.0,,
460,8.0,1.0,1.0,0.0,0.0,0.0,0.0,1.0,0.0,,
461,2.0,1.0,1.0,0.0,0.0,0.0,0.0,1.0,0.0,,
462,6.0,1.0,1.0,0.0,0.0,0.0,0.0,1.0,0.0,,
463,4.0,1.0,1.0,0.0,0.0,0.1,0.0,3.0,0.0,,
464,5.0,1.0,1.0,0.0,0.0,0.0,0.0,1.0,0.0,,
465,7.0,1.0,1.0,0.0,0.0,0.0,0.0,1.0,0.0,,
466,10.0,1.0,1.0,0.0,0.0,0.047619047619047616,0.0,7.0,0.0,,
467,6.0,1.0,1.0,0.0,0.0,0.058823529411764705,0.0,2.0,0.0,,
468,3.0,1.0,1.0,0.0,0.0,0.0,0.0,1.0,0.0,,
469,6.0,1.0,1.0,0.0,0.0,0.13636363636363635,0.0,3.0,0.0,,
470,4.0,1.0,1.0,0.0,0.0,0.0,0.0,1.0,0.0,,
471,4.0,1.0,1.0,0.0,0.0,0.0,0.0,1.0,0.0,,
472,4.0,1.0,1.0,0.0,0.0,0.0,0.0,1.0,0.0,,
473,2.0,1.0,1.0,0.0,0.0,0.0,0.0,1.0,0.0,,
474,12.0,0.5,0.5,0.25,0.25,0.3333333333333333,0.25,10.0,0.0,,
475,11.0,1.0,1.0,0.0,0.0,0.2727272727272727,0.09090909090909091,5.0,0.0,,
476,7.0,1.0,1.0,0.0,0.0,0.0,0.0,1.0,0.0,,
477,11.0,1.0,1.0,0.0,0.0,0.23529411764705882,0.11764705882352941,7.0,0.0,,
478,5.0,1.0,1.0,0.0,0.0,0.0,0.0,1.0,0.0,,
479,9.0,1.0,1.0,0.0,0.0,0.058823529411764705,0.0,4.0,0.0,,
480,11.0,0.0,1.0,0.3333333333333333,0.0,0.1,0.0,7.0,1.0,,
481,7.0,0.0,1.0,0.3333333333333333,0.0,0.045454545454545456,0.0,3.0,1.0,,
482,13.0,1.0,1.0,0.0,0.0,0.0,0.0,1.0,0.0,,
483,9.0,1.0,1.0,0.0,0.0,0.0,0.0,1.0,0.0,,
484,10.0,0.0,1.0,0.3333333333333333,0.0,0.0625,0.0,3.0,1.0,,
485,8.0,0.0,1.0,0.3333333333333333,0.0,0.07692307692307693,0.0,2.0,1.0,,
486,9.0,0.0,0.0,1.0,0.5,0.18181818181818182,0.09090909090909091,8.0,1.0,,
487,11.0,1.0,1.0,0.0,0.0,0.0,0.0,1.0,0.0,,
488,12.0,0.0,1.0,0.6666666666666666,0.0,0.15384615384615385,0.0,4.0,1.0,,
489,8.0,0.0,0.0,1.0,0.6666666666666666,0.21428571428571427,0.14285714285714285,3.0,1.0,,
490,7.0,0.0,0.0,0.3333333333333333,0.3333333333333333,0.041666666666666664,0.041666666666666664,1.0,0.0,,
491,5.0,0.0,0.0,0.3333333333333333,0.3333333333333333,0.08333333333333333,0.08333333333333333,1.0,0.0,,
492,6.0,0.0,0.0,0.75,0.5,0.21052631578947367,0.15789473684210525,4.0,1.0,,
493,9.0,0.5,1.0,0.2,0.0,0.07692307692307693,0.0,2.0,1.0,,
494,11.0,0.0,0.0,0.4,0.2,0.125,0.0625,4.0,1.0,,
495,3.0,1.0,1.0,0.0,0.0,0.0,0.0,1.0,0.0,,
496,7.0,1.0,1.0,0.0,0.0,0.0,0.0,1.0,0.0,,
497,11.0,0.0,0.0,0.25,0.25,0.1,0.1,1.0,0.0,,
498,8.0,0.0,0.0,0.3333333333333333,0.16666666666666666,0.16666666666666666,0.08333333333333333,4.0,1.0,,
499,8.0,1.0,1.0,0.0,0.0,0.047619047619047616,0.0,2.0,0.0,,
500,12.0,0.5,1.0,0.25,0.0,0.2222222222222222,0.05555555555555555,9.0,1.0,,
501,9.0,1.0,1.0,0.0,0.0,0.0,0.0,1.0,0.0,,
502,10.0,1.0,1.0,0.0,0.0,0.041666666666666664,0.0,2.0,0.0,,
503,10.0,0.0,0.0,0.2,0.2,0.3333333333333333,0.26666666666666666,4.0,0.0,,
504,8.0,0.0,0.0,0.14285714285714285,0.14285714285714285,0.07142857142857142,0.07142857142857142,1.0,0.0,,
505,11.0,0.0,0.0,0.5,0.3333333333333333,0.25,0.16666666666666666,8.0,1.0,,
506,9.0,1.0,1.0,0.0,0.0,0.2222222222222222,0.0,3.0,0.0,,
507,12.0,1.0,1.0,0.0,0.0,0.3333333333333333,0.2,5.0,0.0,,
508,12.0,1.0,1.0,0.0,0.0,0.0,0.0,1.0,0.0,,
509,5.0,1.0,1.0,0.0,0.0,0.0,0.0,1.0,0.0,,
510,9.0,1.0,1.0,0.0,0.0,0.125,0.0625,7.0,0.0,,
511,5.0,1.0,1.0,0.0,0.0,0.0,0.0,1.0,0.0,,
512,4.0,1.0,1.0,0.0,0.0,0.11764705882352941,0.0,2.0,0.0,,
513,4.0,1.0,1.0,0.0,0.0,0.0,0.0,1.0,0.0,,
514,5.0,1.0,1.0,0.0,0.0,0.08333333333333333,0.08333333333333333,1.0,0.0,,
515,7.0,0.0,1.0,0.3333333333333333,0.0,0.26666666666666666,0.13333333333333333,3.0,1.0,,
516,6.0,0.0,0.0,0.5,0.5,0.06666666666666667,0.06666666666666667,1.0,0.0,,
517,8.0,0.5,0.5,0.1111111111111111,0.1111111111111111,0.05263157894736842,0.05263157894736842,1.0,0.0,,
518,10.0,0.0,1.0,0.25,0.0,0.09090909090909091,0.0,4.0,1.0,,
519,15.0,0.0,1.0,0.5,0.0,0.16666666666666666,0.0,5.0,1.0,,
520,10.0,0.0,0.0,0.3333333333333333,0.3333333333333333,0.19047619047619047,0.09523809523809523,9.0,0.0,,
521,11.0,0.0,0.0,0.25,0.25,0.058823529411764705,0.058823529411764705,1.0,0.0,,
522,11.0,0.0,1.0,0.3333333333333333,0.0,0.11764705882352941,0.058823529411764705,7.0,1.0,,
523,16.0,0.0,0.5,0.42857142857142855,0.14285714285714285,0.16666666666666666,0.05555555555555555,10.0,1.0,,
524,11.0,1.0,1.0,0.0,0.0,0.0,0.0,1.0,0.0,,
525,7.0,1.0,1.0,0.0,0.0,0.0,0.0,1.0,0.0,,
526,13.0,0.0,0.0,0.6666666666666666,0.3333333333333333,0.3,0.1,9.0,1.0,,
527,7.0,0.0,0.0,0.3333333333333333,0.3333333333333333,0.08333333333333333,0.08333333333333333,1.0,0.0,,
528,4.0,0.0,1.0,0.3333333333333333,0.0,0.07692307692307693,0.0,2.0,1.0,,
529,7.0,1.0,1.0,0.0,0.0,0.0,0.0,1.0,0.0,,
530,9.0,0.0,0.0,0.6666666666666666,0.6666666666666666,0.11764705882352941,0.11764705882352941,1.0,0.0,,
531,9.0,0.0,0.0,0.5,0.5,0.0625,0.0625,1.0,0.0,,
532,11.0,1.0,1.0,0.0,0.0,0.0,0.0,1.0,0.0,,
533,11.0,1.0,1.0,0.0,0.0,0.2631578947368421,0.0,5.0,0.0,,
534,5.0,0.5,1.0,0.25,0.0,0.041666666666666664,0.0,2.0,1.0,,
535,9.0,1.0,1.0,0.0,0.0,0.0,0.0,1.0,0.0,,
536,9.0,0.0,0.0,0.4,0.2,0.11764705882352941,0.058823529411764705,6.0,1.0,,
537,16.0,0.0,0.0,0.6666666666666666,0.3333333333333333,0.2857142857142857,0.14285714285714285,6.0,1.0,,
538,13.0,0.0,0.0,0.7142857142857143,0.42857142857142855,0.29411764705882354,0.17647058823529413,3.0,1.0,,
539,5.0,1.0,1.0,0.0,0.0,0.0,0.0,1.0,0.0,,
540,8.0,1.0,1.0,0.0,0.0,0.11764705882352941,0.058823529411764705,7.0,0.0,,
541,2.0,1.0,1.0,0.0,0.0,0.0,0.0,1.0,0.0,,
542,5.0,1.0,1.0,0.0,0.0,0.08695652173913043,0.0,2.0,0.0,,
543,5.0,1.0,1.0,0.0,0.0,0.0,0.0,1.0,0.0,,
544,5.0,1.0,1.0,0.0,0.0,0.13333333333333333,0.0,2.0,0.0,,
545,4.0,1.0,1.0,0.0,0.0,0.0,0.0,1.0,0.0,,
546,5.0,0.0,0.0,0.5,0.5,0.045454545454545456,0.045454545454545456,1.0,0.0,,
547,9.0,1.0,1.0,0.0,0.0,0.0,0.0,1.0,0.0,,
548,11.0,1.0,1.0,0.0,0.0,0.0,0.0,1.0,0.0,,
549,7.0,0.0,0.0,0.5,0.25,0.11764705882352941,0.058823529411764705,4.0,1.0,,
550,9.0,1.0,1.0,0.0,0.0,0.0,0.0,1.0,0.0,,
551,9.0,1.0,1.0,0.0,0.0,0.18181818181818182,0.09090909090909091,5.0,0.0,,
552,9.0,0.0,1.0,0.3333333333333333,0.0,0.06666666666666667,0.0,2.0,1.0,,
553,10.0,1.0,1.0,0.0,0.0,0.1111111111111111,0.05555555555555555,3.0,0.0,,
554,8.0,1.0,1.0,0.0,0.0,0.0,0.0,1.0,0.0,,
555,9.0,0.0,1.0,0.3333333333333333,0.0,0.05,0.0,3.0,1.0,,
556,5.0,0.0,0.0,0.6666666666666666,0.3333333333333333,0.25,0.125,2.0,1.0,,
557,9.0,0.0,0.0,0.3333333333333333,0.3333333333333333,0.0625,0.0625,1.0,0.0,,
558,6.0,1.0,1.0,0.0,0.0,0.0,0.0,1.0,0.0,,
560,7.0,0.0,0.0,0.2,0.2,0.16666666666666666,0.16666666666666666,1.0,0.0,,
561,5.0,1.0,1.0,0.0,0.0,0.0,0.0,1.0,0.0,,
562,7.0,1.0,1.0,0.0,0.0,0.058823529411764705,0.0,4.0,0.0,,
563,4.0,1.0,1.0,0.0,0.0,0.0,0.0,1.0,0.0,,
564,6.0,1.0,1.0,0.0,0.0,0.06666666666666667,0.0,3.0,0.0,,
565,3.0,1.0,1.0,0.0,0.0,0.0,0.0,1.0,0.0,,
566,3.0,1.0,1.0,0.0,0.0,0.0,0.0,1.0,0.0,,
567,2.0,1.0,1.0,0.0,0.0,0.0,0.0,1.0,0.0,,
568,5.0,1.0,1.0,0.0,0.0,0.0,0.0,1.0,0.0,,
569,2.0,1.0,1.0,0.0,0.0,0.0,0.0,1.0,0.0,,
570,6.0,0.0,0.0,0.25,0.25,0.23076923076923078,0.23076923076923078,1.0,0.0,,
571,6.0,0.0,0.0,0.25,0.25,0.20833333333333334,0.20833333333333334,1.0,0.0,,
572,8.0,0.0,1.0,0.3333333333333333,0.0,0.08333333333333333,0.0,2.0,1.0,,
573,9.0,1.0,1.0,0.0,0.0,0.0,0.0,1.0,0.0,,
574,6.0,1.0,1.0,0.0,0.0,0.0,0.0,1.0,0.0,,
575,9.0,1.0,1.0,0.0,0.0,0.1111111111111111,0.05555555555555555,4.0,0.0,,
576,5.0,0.5,1.0,0.16666666666666666,0.0,0.047619047619047616,0.0,4.0,1.0,,
577,8.0,0.0,0.0,0.6666666666666666,0.3333333333333333,0.13636363636363635,0.09090909090909091,3.0,1.0,,
578,6.0,0.0,0.0,1.0,1.0,0.14285714285714285,0.14285714285714285,1.0,0.0,,
579,6.0,0.0,1.0,0.3333333333333333,0.0,0.058823529411764705,0.0,2.0,1.0,,
580,11.0,0.0,1.0,0.3333333333333333,0.0,0.041666666666666664,0.0,3.0,1.0,,
581,8.0,0.0,1.0,0.3333333333333333,0.0,0.17647058823529413,0.11764705882352941,3.0,1.0,,
582,8.0,0.0,1.0,0.6666666666666666,0.0,0.1875,0.0,3.0,1.0,,
583,5.0,0.0,0.0,0.3333333333333333,0.3333333333333333,0.09090909090909091,0.045454545454545456,2.0,0.0,,
584,13.0,0.0,1.0,0.3333333333333333,0.0,0.058823529411764705,0.0,4.0,1.0,,
585,8.0,1.0,1.0,0.0,0.0,0.05555555555555555,0.0,3.0,0.0,,
586,8.0,0.0,1.0,1.0,0.0,0.16666666666666666,0.0,2.0,1.0,,
587,6.0,0.0,0.0,1.0,1.0,0.15384615384615385,0.15384615384615385,1.0,0.0,,
588,4.0,1.0,1.0,0.0,0.0,0.0,0.0,1.0,0.0,,
589,13.0,0.0,1.0,0.5,0.0,0.23076923076923078,0.15384615384615385,10.0,1.0,,
590,7.0,0.0,1.0,0.5,0.0,0.047619047619047616,0.0,3.0,1.0,,
591,6.0,0.0,0.0,0.2857142857142857,0.14285714285714285,0.15789473684210525,0.10526315789473684,4.0,1.0,,
592,9.0,0.0,0.5,0.5,0.16666666666666666,0.3333333333333333,0.2,7.0,1.0,,
593,7.0,0.0,1.0,0.3333333333333333,0.0,0.1111111111111111,0.0,2.0,1.0,,
594,12.0,0.0,0.5,0.5,0.3333333333333333,0.3333333333333333,0.26666666666666666,7.0,1.0,,
595,4.0,1.0,1.0,0.0,0.0,0.0,0.0,1.0,0.0,,
596,3.0,1.0,1.0,0.0,0.0,0.0,0.0,1.0,0.0,,
597,4.0,1.0,1.0,0.0,0.0,0.05555555555555555,0.0,2.0,0.0,,
598,3.0,1.0,1.0,0.0,0.0,0.0,0.0,1.0,0.0,,
599,4.0,1.0,1.0,0.0,0.0,0.0,0.0,1.0,0.0,,
600,3.0,1.0,1.0,0.0,0.0,0.0,0.0,1.0,0.0,,
601,4.0,1.0,1.0,0.0,0.0,0.0,0.0,1.0,0.0,,
602,7.0,1.0,1.0,0.0,0.0,0.06666666666666667,0.0,2.0,0.0,,
603,10.0,1.0,1.0,0.0,0.0,0.05555555555555555,0.0,5.0,0.0,,
604,5.0,0.0,1.0,0.14285714285714285,0.0,0.08333333333333333,0.0,2.0,1.0,,
605,12.0,0.0,0.5,0.75,0.125,0.26666666666666666,0.06666666666666667,9.0,1.0,,
606,9.0,0.0,1.0,1.0,0.0,0.23809523809523808,0.047619047619047616,2.0,1.0,,
607,12.0,1.0,1.0,0.0,0.0,0.1,0.05,2.0,0.0,,
608,8.0,0.3333333333333333,0.3333333333333333,0.3125,0.3125,0.11764705882352941,0.11764705882352941,1.0,0.0,,
609,5.0,0.0,1.0,0.3333333333333333,0.0,0.14285714285714285,0.0,2.0,1.0,,
610,5.0,0.0,1.0,0.3333333333333333,0.0,0.15384615384615385,0.07692307692307693,3.0,1.0,,
611,6.0,0.0,0.0,1.0,0.3333333333333333,0.36363636363636365,0.2727272727272727,3.0,1.0,,
612,2.0,1.0,1.0,0.0,0.0,0.0,0.0,1.0,0.0,,
613,7.0,0.0,0.0,0.6666666666666666,0.6666666666666666,0.2,0.2,1.0,0.0,,
614,6.0,0.0,0.0,0.5,0.5,0.1111111111111111,0.1111111111111111,1.0,0.0,,
615,9.0,0.0,0.0,0.6666666666666666,0.3333333333333333,0.2222222222222222,0.2777777777777778,9.0,1.0,,
616,10.0,1.0,1.0,0.0,0.0,0.0,0.0,1.0,0.0,,
617,12.0,0.0,0.0,0.3,0.3,0.25,0.15,6.0,0.0,,
618,9.0,0.0,0.0,0.3333333333333333,0.3333333333333333,0.19047619047619047,0.14285714285714285,5.0,0.0,,
619,11.0,0.0,0.0,0.25,0.25,0.058823529411764705,0.058823529411764705,1.0,0.0,,
620,10.0,0.0,1.0,0.3333333333333333,0.0,0.05,0.0,2.0,1.0,,
621,9.0,0.0,1.0,0.3333333333333333,0.0,0.06666666666666667,0.06666666666666667,2.0,1.0,,
622,3.0,1.0,1.0,0.0,0.0,0.0,0.0,1.0,0.0,,
623,16.0,0.0,0.0,0.6666666666666666,0.3333333333333333,0.2222222222222222,0.1111111111111111,3.0,1.0,,
624,15.0,0.0,1.0,0.6666666666666666,0.0,0.11764705882352941,0.0,11.0,1.0,,
625,6.0,0.0,0.0,0.5,0.5,0.15384615384615385,0.07692307692307693,2.0,0.0,,
626,5.0,1.0,1.0,0.0,0.0,0.0,0.0,1.0,0.0,,
627,5.0,1.0,1.0,0.0,0.0,0.0,0.0,1.0,0.0,,
628,5.0,0.0,0.0,1.0,1.0,0.13333333333333333,0.13333333333333333,1.0,0.0,,
629,8.0,1.0,1.0,0.0,0.0,0.09523809523809523,0.047619047619047616,4.0,0.0,,
630,7.0,1.0,1.0,0.0,0.0,0.2,0.0,2.0,0.0,,
631,6.0,1.0,1.0,0.0,0.0,0.0,0.0,1.0,0.0,,
632,6.0,1.0,1.0,0.0,0.0,0.1,0.0,2.0,0.0,,
633,6.0,1.0,1.0,0.0,0.0,0.0,0.0,1.0,0.0,,
634,4.0,1.0,1.0,0.0,0.0,0.07692307692307693,0.07692307692307693,1.0,0.0,,
635,5.0,1.0,1.0,0.0,0.0,0.0,0.0,1.0,0.0,,
637,3.0,1.0,1.0,0.0,0.0,0.0,0.0,1.0,0.0,,
638,6.0,1.0,1.0,0.0,0.0,0.0,0.0,1.0,0.0,,
639,14.0,0.0,1.0,0.2857142857142857,0.0,0.3076923076923077,0.0,4.0,1.0,,
640,10.0,0.0,1.0,0.6666666666666666,0.0,0.125,0.0,2.0,1.0,,
641,9.0,0.0,1.0,0.25,0.0,0.08333333333333333,0.0,4.0,1.0,,
642,12.0,1.0,1.0,0.0,0.0,0.05555555555555555,0.0,4.0,0.0,,
643,13.0,0.0,0.5,0.625,0.125,0.2857142857142857,0.07142857142857142,12.0,1.0,,
644,11.0,0.0,1.0,0.14285714285714285,0.0,0.1,0.0,2.0,1.0,,
645,7.0,1.0,1.0,0.0,0.0,0.0,0.0,1.0,0.0,,
646,14.0,0.5,1.0,0.5,0.0,0.2,0.0,5.0,1.0,,
647,5.0,1.0,1.0,0.0,0.0,0.0,0.0,1.0,0.0,,
648,8.0,1.0,1.0,0.0,0.0,0.0,0.0,1.0,0.0,,
649,10.0,1.0,1.0,0.0,0.0,0.1111111111111111,0.05555555555555555,5.0,0.0,,
650,14.0,0.0,0.0,0.875,0.75,0.6153846153846154,0.5384615384615384,2.0,1.0,,
651,7.0,0.5,0.5,0.3333333333333333,0.16666666666666666,0.1111111111111111,0.05555555555555555,4.0,1.0,,
652,13.0,1.0,1.0,0.0,0.0,0.0,0.0,1.0,0.0,,
653,12.0,0.0,0.5,0.75,0.25,0.25,0.125,9.0,1.0,,
654,8.0,1.0,1.0,0.0,0.0,0.0,0.0,1.0,0.0,,
655,11.0,0.0,1.0,0.6666666666666666,0.0,0.23333333333333334,0.13333333333333333,8.0,1.0,,
656,12.0,0.0,0.0,0.75,0.625,0.3076923076923077,0.23076923076923078,4.0,1.0,,
657,9.0,0.0,1.0,0.6666666666666666,0.0,0.125,0.0,5.0,1.0,,
658,12.0,0.0,0.3333333333333333,0.4,0.13333333333333333,0.16,0.08,7.0,1.0,,
659,13.0,1.0,1.0,0.4,0.0,0.1,0.05,8.0,1.0,,
660,8.0,0.0,0.0,0.6666666666666666,0.6666666666666666,0.17647058823529413,0.17647058823529413,1.0,0.0,,
661,7.0,0.0,0.0,0.3333333333333333,0.3333333333333333,0.1,0.1,1.0,0.0,,
662,10.0,0.0,0.0,0.5,0.5,0.23076923076923078,0.15384615384615385,2.0,0.0,,
663,7.0,0.0,0.0,0.6666666666666666,0.3333333333333333,0.2,0.1,6.0,1.0,,
664,4.0,0.0,0.0,0.6666666666666666,0.6666666666666666,0.11764705882352941,0.11764705882352941,1.0,0.0,,
665,11.0,0.0,1.0,0.6666666666666666,0.0,0.29411764705882354,0.17647058823529413,9.0,1.0,,
666,10.0,0.0,0.0,0.6666666666666666,0.3333333333333333,0.3333333333333333,0.25,9.0,1.0,,
667,10.0,0.0,0.0,0.6666666666666666,0.6666666666666666,0.13333333333333333,0.13333333333333333,1.0,0.0,,
668,10.0,0.0,1.0,0.6666666666666666,0.0,0.38461538461538464,0.23076923076923078,4.0,1.0,,
669,11.0,0.0,1.0,0.6666666666666666,0.0,0.16666666666666666,0.0,4.0,1.0,,
670,9.0,0.0,1.0,0.6666666666666666,0.0,0.09523809523809523,0.0,3.0,1.0,,
671,12.0,0.0,1.0,0.6666666666666666,0.0,0.16666666666666666,0.0,7.0,1.0,,
672,8.0,0.5,0.5,0.2727272727272727,0.18181818181818182,0.2,0.13333333333333333,5.0,1.0,,
673,13.0,0.0,0.0,0.6666666666666666,0.3333333333333333,0.18181818181818182,0.09090909090909091,5.0,1.0,,
674,6.0,1.0,1.0,0.0,0.0,0.0,0.0,1.0,0.0,,
675,2.0,1.0,1.0,0.0,0.0,0.0,0.0,1.0,0.0,,
676,8.0,0.0,0.0,0.4,0.4,0.18181818181818182,0.18181818181818182,1.0,0.0,,
677,9.0,0.0,1.0,0.3333333333333333,0.0,0.07142857142857142,0.0,4.0,1.0,,
678,3.0,1.0,1.0,0.0,0.0,0.0,0.0,1.0,0.0,,
679,3.0,1.0,1.0,0.0,0.0,0.05,0.05,1.0,0.0,,
680,8.0,0.5,1.0,0.14285714285714285,0.0,0.0625,0.0,2.0,1.0,,
681,6.0,1.0,1.0,0.0,0.0,0.0,0.0,1.0,0.0,,
682,13.0,1.0,1.0,0.0,0.0,0.21052631578947367,0.10526315789473684,10.0,0.0,,
683,6.0,0.0,0.0,1.0,1.0,0.3157894736842105,0.10526315789473684,2.0,0.0,,
684,13.0,0.0,1.0,0.5,0.0,0.05263157894736842,0.0,7.0,1.0,,
685,4.0,1.0,1.0,0.0,0.0,0.0,0.0,1.0,0.0,,
686,4.0,1.0,1.0,0.0,0.0,0.0,0.0,1.0,0.0,,
687,4.0,1.0,1.0,0.0,0.0,0.0,0.0,1.0,0.0,,
688,3.0,1.0,1.0,0.0,0.0,0.09090909090909091,0.09090909090909091,1.0,0.0,,
690,2.0,1.0,1.0,0.0,0.0,0.05555555555555555,0.05555555555555555,1.0,0.0,,
691,7.0,1.0,1.0,0.0,0.0,0.06666666666666667,0.0,3.0,0.0,,
692,2.0,1.0,1.0,0.0,0.0,0.0,0.0,1.0,0.0,,
693,9.0,0.0,0.0,0.3333333333333333,0.3333333333333333,0.05555555555555555,0.05555555555555555,1.0,0.0,,
694,4.0,1.0,1.0,0.0,0.0,0.0,0.0,1.0,0.0,,
695,15.0,0.0,0.0,1.0,0.6666666666666666,0.22727272727272727,0.09090909090909091,5.0,1.0,,
696,5.0,1.0,1.0,0.0,0.0,0.0,0.0,1.0,0.0,,
697,9.0,1.0,1.0,0.0,0.0,0.16666666666666666,0.0,3.0,0.0,,
698,10.0,0.0,0.0,0.6666666666666666,0.6666666666666666,0.2608695652173913,0.21739130434782608,5.0,0.0,,
699,3.0,1.0,1.0,0.0,0.0,0.0,0.0,1.0,0.0,,
700,5.0,1.0,1.0,0.0,0.0,0.0,0.0,1.0,0.0,,
701,9.0,1.0,1.0,0.0,0.0,0.13636363636363635,0.045454545454545456,3.0,0.0,,
702,5.0,0.0,0.0,1.0,0.3333333333333333,0.35714285714285715,0.07142857142857142,2.0,1.0,,
703,7.0,1.0,1.0,0.0,0.0,0.0,0.0,1.0,0.0,,
704,9.0,0.0,0.0,1.0,1.0,0.4166666666666667,0.4166666666666667,1.0,0.0,,
705,9.0,0.0,0.0,0.6666666666666666,0.6666666666666666,0.4,0.3,6.0,0.0,,
706,12.0,0.0,0.0,1.0,0.5,0.5714285714285714,0.2857142857142857,3.0,1.0,,
707,12.0,0.0,1.0,0.6666666666666666,0.0,0.2222222222222222,0.0,7.0,1.0,,
708,4.0,0.0,0.0,0.6666666666666666,0.6666666666666666,0.125,0.08333333333333333,2.0,0.0,,
709,11.0,0.0,1.0,0.6666666666666666,0.0,0.10526315789473684,0.0,3.0,1.0,,
710,3.0,0.0,0.0,0.6666666666666666,0.6666666666666666,0.125,0.125,1.0,0.0,,
711,11.0,0.0,0.0,0.3333333333333333,0.3333333333333333,0.07142857142857142,0.07142857142857142,1.0,0.0,,
712,11.0,0.0,0.0,1.0,0.6666666666666666,0.65,0.5,10.0,1.0,,
713,9.0,0.0,0.0,1.0,0.6666666666666666,0.29411764705882354,0.11764705882352941,6.0,1.0,,
714,16.0,1.0,1.0,0.0,0.0,0.09090909090909091,0.0,8.0,0.0,,
715,8.0,0.5,0.5,0.3333333333333333,0.3333333333333333,0.18181818181818182,0.18181818181818182,1.0,0.0,,
716,13.0,0.0,1.0,1.0,0.0,0.2916666666666667,0.041666666666666664,8.0,1.0,,
717,7.0,1.0,1.0,0.0,0.0,0.15789473684210525,0.15789473684210525,1.0,0.0,,
718,10.0,1.0,1.0,0.0,0.0,0.0,0.0,1.0,0.0,,
719,7.0,1.0,1.0,0.0,0.0,0.13333333333333333,0.0,7.0,0.0,,
720,7.0,0.0,0.0,0.25,0.25,0.25,0.25,1.0,0.0,,
721,10.0,0.0,0.0,0.75,0.75,0.15,0.15,1.0,0.0,,
722,8.0,0.0,0.0,0.5,0.5,0.08333333333333333,0.08333333333333333,1.0,0.0,,
723,3.0,0.0,0.0,0.5,0.5,0.25,0.0625,2.0,0.0,,
724,8.0,0.0,0.5,0.3333333333333333,0.2222222222222222,0.11764705882352941,0.058823529411764705,5.0,1.0,,
725,6.0,1.0,1.0,0.0,0.0,0.0,0.0,1.0,0.0,,
726,12.0,1.0,1.0,0.0,0.0,0.0625,0.0,2.0,0.0,,
727,10.0,1.0,1.0,0.0,0.0,0.047619047619047616,0.0,2.0,0.0,,
728,6.0,1.0,1.0,0.0,0.0,0.05263157894736842,0.0,2.0,0.0,,
729,8.0,0.0,0.0,0.3333333333333333,0.3333333333333333,0.045454545454545456,0.045454545454545456,1.0,0.0,,
730,6.0,1.0,1.0,0.0,0.0,0.0,0.0,1.0,0.0,,
731,11.0,1.0,1.0,0.0,0.0,0.15384615384615385,0.0,4.0,0.0,,
732,2.0,1.0,1.0,0.0,0.0,0.043478260869565216,0.0,2.0,0.0,,
733,4.0,1.0,1.0,0.0,0.0,0.0,0.0,1.0,0.0,,
734,4.0,1.0,1.0,0.0,0.0,0.06666666666666667,0.0,2.0,0.0,,
735,5.0,1.0,1.0,0.0,0.0,0.0,0.0,1.0,0.0,,
736,4.0,0.5,0.5,0.25,0.25,0.125,0.125,1.0,0.0,,
737,9.0,1.0,1.0,0.0,0.0,0.09523809523809523,0.047619047619047616,2.0,0.0,,
738,5.0,1.0,1.0,0.0,0.0,0.047619047619047616,0.047619047619047616,1.0,0.0,,
739,6.0,1.0,1.0,0.0,0.0,0.047619047619047616,0.0,2.0,0.0,,
740,8.0,0.0,0.0,0.3333333333333333,0.3333333333333333,0.3076923076923077,0.07692307692307693,6.0,0.0,,
741,12.0,0.0,0.0,0.3333333333333333,0.3333333333333333,0.09523809523809523,0.047619047619047616,6.0,0.0,,
742,7.0,1.0,1.0,0.0,0.0,0.0,0.0,1.0,0.0,,
743,12.0,1.0,1.0,0.0,0.0,0.0,0.0,1.0,0.0,,
744,9.0,0.0,0.0,1.0,0.3333333333333333,0.15789473684210525,0.05263157894736842,3.0,1.0,,
745,9.0,1.0,1.0,0.0,0.0,0.07142857142857142,0.07142857142857142,1.0,0.0,,
746,7.0,0.0,0.0,0.5,0.5,0.3157894736842105,0.21052631578947367,7.0,0.0,,
747,10.0,1.0,1.0,0.0,0.0,0.2,0.05,4.0,0.0,,
748,7.0,0.0,0.0,0.5,0.5,0.09090909090909091,0.09090909090909091,1.0,0.0,,
749,14.0,0.5,0.5,0.4,0.4,0.1875,0.125,3.0,0.0,,
750,8.0,0.0,0.0,0.6666666666666666,0.3333333333333333,0.2222222222222222,0.16666666666666666,7.0,1.0,,
751,10.0,0.0,0.0,0.6666666666666666,0.6666666666666666,0.16666666666666666,0.16666666666666666,1.0,0.0,,
752,9.0,0.0,0.0,0.6666666666666666,0.3333333333333333,0.2,0.1,9.0,1.0,,
753,12.0,0.0,1.0,1.0,0.6666666666666666,0.1111111111111111,0.05555555555555555,2.0,1.0,,
754,12.0,1.0,1.0,0.0,0.0,0.05,0.0,10.0,0.0,,
755,14.0,0.5,0.5,0.25,0.25,0.2727272727272727,0.18181818181818182,7.0,0.0,,
756,10.0,1.0,1.0,0.0,0.0,0.5,0.2857142857142857,3.0,0.0,,
757,14.0,0.0,1.0,0.5,0.0,0.3076923076923077,0.15384615384615385,14.0,1.0,,
758,6.0,1.0,1.0,0.0,0.0,0.0,0.0,1.0,0.0,,
759,7.0,0.0,0.0,0.8333333333333334,0.8333333333333334,0.3684210526315789,0.3684210526315789,1.0,0.0,,
760,8.0,0.0,0.0,1.0,0.5,0.5384615384615384,0.3076923076923077,6.0,1.0,,
761,5.0,0.0,0.0,0.5,0.5,0.2222222222222222,0.16666666666666666,5.0,0.0,,
762,9.0,0.0,0.0,1.0,0.2,1.1764705882352942,0.11764705882352941,2.0,1.0,,
763,5.0,0.0,0.0,1.0,1.0,0.3,0.2,5.0,0.0,,
764,7.0,1.0,1.0,0.0,0.0,0.0,0.0,1.0,0.0,,
765,8.0,1.0,1.0,0.0,0.0,0.1875,0.125,5.0,0.0,,
766,3.0,1.0,1.0,0.0,0.0,0.11764705882352941,0.058823529411764705,2.0,0.0,,
767,3.0,1.0,1.0,0.0,0.0,0.0,0.0,1.0,0.0,,
768,5.0,1.0,1.0,0.0,0.0,0.14285714285714285,0.07142857142857142,3.0,0.0,,
769,9.0,0.0,1.0,0.3333333333333333,0.0,0.07142857142857142,0.0,8.0,1.0,,
770,4.0,1.0,1.0,0.0,0.0,0.0,0.0,1.0,0.0,,
771,3.0,1.0,1.0,0.0,0.0,0.0,0.0,1.0,0.0,,
772,5.0,1.0,1.0,0.0,0.0,0.0,0.0,1.0,0.0,,
773,8.0,1.0,1.0,0.0,0.0,0.05555555555555555,0.0,3.0,0.0,,
774,6.0,1.0,1.0,0.0,0.0,0.0,0.0,1.0,0.0,,
775,6.0,1.0,1.0,0.0,0.0,0.0,0.0,1.0,0.0,,
776,4.0,1.0,1.0,0.0,0.0,0.0,0.0,1.0,0.0,,
777,8.0,1.0,1.0,0.0,0.0,0.0,0.0,1.0,0.0,,
778,13.0,0.0,0.0,0.6666666666666666,0.3333333333333333,0.1,0.05,4.0,1.0,,
779,9.0,0.0,0.0,0.6666666666666666,0.3333333333333333,0.26666666666666666,0.2,5.0,1.0,,
780,15.0,0.0,1.0,0.3333333333333333,0.0,0.23529411764705882,0.058823529411764705,4.0,1.0,,
781,9.0,1.0,1.0,0.0,0.0,0.09090909090909091,0.0,2.0,0.0,,
782,6.0,1.0,1.0,0.0,0.0,0.0,0.0,1.0,0.0,,
783,4.0,0.0,0.0,1.0,0.5,0.15384615384615385,0.07692307692307693,2.0,1.0,,
784,9.0,0.0,0.0,1.0,0.5,0.15384615384615385,0.07692307692307693,6.0,1.0,,
785,8.0,0.0,0.0,1.0,0.5,0.125,0.0625,3.0,1.0,,
786,6.0,1.0,1.0,0.0,0.0,0.0,0.0,1.0,0.0,,
787,6.0,0.0,0.0,1.0,0.5,0.2,0.1,3.0,1.0,,
788,2.0,1.0,1.0,0.0,0.0,0.0,0.0,1.0,0.0,,
789,8.0,1.0,1.0,0.0,0.0,0.08333333333333333,0.0,4.0,0.0,,
790,8.0,0.0,1.0,0.3333333333333333,0.0,0.2,0.0,3.0,1.0,,
791,6.0,1.0,1.0,0.0,0.0,0.0,0.0,1.0,0.0,,
792,6.0,1.0,1.0,0.0,0.0,0.0,0.0,1.0,0.0,,
793,9.0,0.0,0.0,0.6666666666666666,0.6666666666666666,0.14285714285714285,0.14285714285714285,1.0,0.0,,
794,11.0,0.0,0.0,0.6666666666666666,0.6666666666666666,0.25,0.16666666666666666,3.0,0.0,,
795,10.0,0.0,1.0,0.6666666666666666,0.0,0.18181818181818182,0.0,2.0,1.0,,
796,14.0,0.0,0.0,0.6666666666666666,0.3333333333333333,0.2727272727272727,0.18181818181818182,7.0,1.0,,
797,10.0,0.0,1.0,0.6666666666666666,0.0,0.2,0.0,3.0,1.0,,
798,9.0,0.0,1.0,0.8333333333333334,0.0,0.4,0.0,2.0,1.0,,
799,10.0,1.0,1.0,0.0,0.0,0.0,0.0,1.0,0.0,,
800,11.0,0.0,0.0,0.5,0.5,0.17647058823529413,0.058823529411764705,8.0,0.0,,
801,8.0,1.0,1.0,0.0,0.0,0.041666666666666664,0.041666666666666664,1.0,0.0,,
802,6.0,0.5,0.5,0.4,0.2,0.13043478260869565,0.08695652173913043,3.0,1.0,,
803,5.0,1.0,1.0,0.0,0.0,0.0,0.0,1.0,0.0,,
804,6.0,1.0,1.0,0.0,0.0,0.0,0.0,1.0,0.0,,
805,5.0,0.0,0.0,1.0,1.0,0.2,0.2,1.0,0.0,,
806,12.0,1.0,1.0,0.0,0.0,0.13333333333333333,0.06666666666666667,2.0,0.0,,
807,9.0,1.0,1.0,0.0,0.0,0.09523809523809523,0.0,2.0,0.0,,
ALL,8.088639200998752,0.4866833125260091,0.6664585934248854,0.29270030077538844,0.15848820080576748,0.11901740293118984,0.06119722480248501,2.9712858926342074,0.3433208489388265,0.46441947565543074,0.6392009987515606
